Workbook

Sheet renta
A1: Ressource | B1: - | C1: index | D1: rapport | E1: min/item | F1: prix man | G1: prix atuo | H1: coin/earth | I1: coin/precédent | J1: gain de l'usine coin/h | K1: gain/kpow | O1: pool
A2: EARTH | B2: EARTH | C2: =MATCH(B2, data!A:A, 0) -> #N/A | D2: 1 | E2: =(60+41)/50500 -> 0.002 | F2: =0.0041 -> 0.0041 | G2: =IFERROR(getCoinPrice($O2), $F2) -> 0.0041 | H2: =G2 -> 0.0041 | I2: =H2 -> 0.0041 | J2: =G2/E2+60 -> 62.05 | O2: 0xc356cd52364541379ad4d31a889b7031e758220a
A3: WATER | B3: WATER | C3: 0 | D3: =152/30 -> 5.0666667 | E3: =60/12 -> 5 | F3: 3.06 | G3: =IFERROR(getCoinPrice($O3), $F3) -> 3.06 | H3: =G3 -> 3.06 | I3: 0.46 | J3: 0 | O3: 0xe9c0995144a199241a5c46ccb7e7cd439af3ac75
A4: FIRE | B4: FIRE | C4: 0 | D4: 0 | E4: 0 | F4: 9.7 | G4: =IFERROR(getCoinPrice($O4), $F4) -> 9.7 | O4: 0xe973dc221bb031010ec673105ed8b04c9e713b9d
A5: MUD | B5: MUD_17 | C5: =MATCH(B5, data!A:A, 0) -> 18 | D5: =INDIRECT("'data'!G" & C5)/INDIRECT("'data'!B" & C5) -> 2.85 | E5: =INDIRECT("'data'!C" & C5)/INDIRECT("'data'!B" & C5)/2*24*60 -> 0.0070262919 | F5: 0.011 | G5: =IFERROR(getCoinPrice($O5), $F5) -> 0.011545385 | H5: =D2*D5*$G$2 -> 0.011685 | I5: =G2*D5 -> 0.011685 | J5: =INDIRECT("'data'!E" & C5) -> -3.6569761 | O5: 0xb287ea5a5cd4f2b74571e30fdec96241aa5163d9
A6: CLAY | B6: CLAY_16 | C6: =MATCH(B6, data!A:A, 0) -> 68 | D6: =INDIRECT("'data'!G" & C6)/INDIRECT("'data'!B" & C6) -> 9.5 | E6: =INDIRECT("'data'!C" & C6)/INDIRECT("'data'!B" & C6)/2*24*60 -> 0.033783784 | F6: 0.12 | G6: =IFERROR(getCoinPrice($O6), $F6) -> 0.12 | H6: =H5*D6 -> 0.1110075 | I6: =G5*D6 -> 0.10968116 | J6: =INDIRECT("'data'!E" & C6) -> 12.998265 | O6: 0x8b1a1b7b43a53904b0a05406c13399079e553501
A7: SAND | B7: SAND_11 | C7: =MATCH(B7, data!A:A, 0) -> 104 | D7: =INDIRECT("'data'!G" & C7)/INDIRECT("'data'!B" & C7) -> 2.85 | E7: =INDIRECT("'data'!C" & C7)/INDIRECT("'data'!B" & C7)/2*24*60 -> 0.12448718 | F7: 0.33 | G7: =IFERROR(getCoinPrice($O7), $F7) -> 0.31176929 | H7: =H6*D7 -> 0.31637138 | I7: =G6*D7 -> 0.342 | J7: =INDIRECT("'data'!E" & C7) -> -18.327158 | O7: 0x6d8839a585f7877a5e218a217c07334980f04a4a
A8: COPPER | B8: COPPER_6 | C8: =MATCH(B8, data!A:A, 0) -> 135 | D8: =INDIRECT("'data'!G" & C8)/INDIRECT("'data'!B" & C8) -> 28.5 | E8: =INDIRECT("'data'!C" & C8)/INDIRECT("'data'!B" & C8)/2*24*60 -> 5.825463 | F8: 8.33 | G8: =F8 -> 8.33 | H8: =H7*D8 -> 9.0165842 | I8: =G7*D8 -> 8.8854249 | J8: =INDIRECT("'data'!E" & C8) -> -7.8655541 | O8: 0xe9e419dbe8e0e056bb91989eb10f5fa62a0cb702
A9: STEEL | B9: STEEL_8 | C9: =MATCH(B9, data!A:A, 0) -> 293 | D9: =INDIRECT("'data'!G" & C9)/INDIRECT("'data'!B" & C9) -> 4.161 | E9: =INDIRECT("'data'!C" & C9)/INDIRECT("'data'!B" & C9)/2*24*60 -> 280 | F9: 37 | G9: =IFERROR(getCoinPrice($O9), $F9) -> 37 | H9: =H8*D9 -> 37.518007 | I9: =G8*D9 -> 34.66113 | J9: =INDIRECT("'data'!E" & C9) -> 0.42113128 | K9: =INDIRECT("'data'!W" & C9) -> 0.282774 | L9: screen1 | O9: 0x70c063f17dacb35e4b3df06c8f36020416a44a3c
A10: SCREWS | B10: SCREWS_7 | C10: =MATCH(B10, data!A:A, 0) -> 403 | D10: =INDIRECT("'data'!G" & C10)/INDIRECT("'data'!B" & C10) -> 2.7075 | E10: =INDIRECT("'data'!C" & C10)/INDIRECT("'data'!B" & C10)/2*24*60 -> 450 | F10: 113 | G10: =IFERROR(getCoinPrice($O10), $F10) -> 132.68215 | H10: =H9*D10 -> 101.58 | I10: =G9*D10 -> 100.1775 | J10: =INDIRECT("'data'!E" & C10) -> 5.9153534 | K10: =INDIRECT("'data'!W" & C10) -> 1.167504 | L10: =J2+3*J9+2*J10 -> 75.144101 | O10: 0x0016c4c602cc1a96a9d35fe133a7e374d3cdc26d
A11: SEAWATER | B11: SEAWATER_30 | C11: =MATCH(B11, data!A:A, 0) -> 190 | D11: =INDIRECT("'data'!G" & C11)/INDIRECT("'data'!B" & C11) -> 5.0666667 | E11: =INDIRECT("'data'!C" & C11)/INDIRECT("'data'!B" & C11)/2*24*60 -> 8 | F11: 18.3 | G11: =IFERROR(getCoinPrice($O11), $F11) -> 18.233974 | H11: =H3*D11 -> 15.504 | I11: =G3*D11 -> 15.504 | J11: =INDIRECT("'data'!E" & C11) -> 25.072222 | K11: =INDIRECT("'data'!W" & C11) -> 3.7902075 | L11: middle | O11: 0xd1d6bb059c97295f7437ad423111047cbcddf4c6
A12: ALGAE | B12: ALGAE_20 | C12: =MATCH(B12, data!A:A, 0) -> 242 | D12: =INDIRECT("'data'!G" & C12)/INDIRECT("'data'!B" & C12) -> 3.3041 | E12: =INDIRECT("'data'!C" & C12)/INDIRECT("'data'!B" & C12)/2*24*60 -> 24 | F12: 71 | G12: =IFERROR(getCoinPrice($O12), $F12) -> 71 | H12: =H11*D12 -> 51.226766 | I12: =G11*D12 -> 60.246873 | J12: =INDIRECT("'data'!E" & C12) -> 32.994617 | K12: =INDIRECT("'data'!W" & C12) -> 2.1125005 | L12: water | O12: 0xe63f8cefea9a17a259bb3b375929bd10d5e1cdfa
A13: OXYGEN | B13: OXYGEN_20 | C13: =MATCH(B13, data!A:A, 0) -> 326 | D13: =INDIRECT("'data'!G" & C13)/INDIRECT("'data'!B" & C13) -> 2.4779167 | E13: =INDIRECT("'data'!C" & C13)/INDIRECT("'data'!B" & C13)/2*24*60 -> 40 | F13: 208 | G13: =IFERROR(getCoinPrice($O13), $F13) -> 208 | H13: =H12*D13 -> 126.93566 | I13: =G12*D13 -> 175.93208 | J13: =INDIRECT("'data'!E" & C13) -> 56.019606 | K13: =INDIRECT("'data'!W" & C13) -> 1.6283586 | L13: =2*J11+2*#REF!+3*J12+3*J13+3*J14+2*J15+J16 -> #REF! | O13: 0x4343846ebe54dcd40ba572275640230d533296e5
A14: GAS | B14: GAS_15 | C14: =MATCH(B14, data!A:A, 0) -> 363 | D14: =INDIRECT("'data'!G" & C14)/INDIRECT("'data'!B" & C14) -> 1.653 | E14: =INDIRECT("'data'!C" & C14)/INDIRECT("'data'!B" & C14)/2*24*60 -> 80 | F14: 386 | G14: =IFERROR(getCoinPrice($O14), $F14) -> 386 | H14: =H13*D14 -> 209.82464 | I14: =G13*D14 -> 343.824 | J14: =INDIRECT("'data'!E" & C14) -> 30.493125 | K14: =INDIRECT("'data'!W" & C14) -> 0.70708696 | L14: Lava | O14: 0x4782e36bbe6e9abca5357d3e43a090fa772de71b
A15: FUEL | B15: FUEL_15 | C15: =MATCH(B15, data!A:A, 0) -> 427 | D15: =INDIRECT("'data'!G" & C15)/INDIRECT("'data'!B" & C15) -> 2.4795 | E15: =INDIRECT("'data'!C" & C15)/INDIRECT("'data'!B" & C15)/2*24*60 -> 240 | F15: 1080 | G15: =IFERROR(getCoinPrice($O15), $F15) -> 1127.808 | H15: =H14*D15 -> 520.2602 | I15: =G14*D15 -> 957.087 | J15: =INDIRECT("'data'!E" & C15) -> 44.539311 | K15: =INDIRECT("'data'!W" & C15) -> 0.95017198 | L15: =3*J17+3*J18+2*J19+2*J20+J21 -> 131.9419 | O15: 0x0f8f4dcf1b6eb9f5c0e8fbb9cd6879aa3983c8bc
A16: OIL | B16: =data!A454 -> OIL_10 | C16: =MATCH(B16, data!A:A, 0) -> 454 | D16: =INDIRECT("'data'!G" & C16)/INDIRECT("'data'!B" & C16) -> 2.4795 | E16: =INDIRECT("'data'!C" & C16)/INDIRECT("'data'!B" & C16)/2*24*60 -> 300 | F16: 2600 | G16: =IFERROR(getCoinPrice($O16), $F16) -> 2817.9143 | H16: =H15*D16 -> 1289.9852 | I16: =G15*D16 -> 2796.3999 | J16: =INDIRECT("'data'!E" & C16) -> -9.786705 | K16: =INDIRECT("'data'!W" & C16) -> -0.18605903 | O16: 0x6f363e6760876a4c66730fbbefccdd3014b6220c
A17: HEAT | B17: HEAT_29 | C17: =MATCH(B17, data!A:A, 0) -> 220 | D17: =INDIRECT("'data'!G" & C17)/INDIRECT("'data'!B" & C17) -> 5.89494 | E17: =INDIRECT("'data'!C" & C17)/INDIRECT("'data'!B" & C17)/2*24*60 -> 9.8 | F17: 70 | G17: =IFERROR(getCoinPrice($O17), $F17) -> 60.449433 | H17: =H4*D17 -> 0 | I17: =G4*D17 -> 57.180918 | J17: =INDIRECT("'data'!E" & C17) -> 10.758849 | K17: =INDIRECT("'data'!W" & C17) | L17: all | M17: gain / 12h | O17: 0x6ccd01c951e57d82be8dccb90c01a58bfb4d83cd
A18: LAVA | B18: LAVA_19 | C18: =MATCH(B18, data!A:A, 0) -> 262 | D18: =INDIRECT("'data'!G" & C18)/INDIRECT("'data'!B" & C18) -> 3.3218333 | E18: =INDIRECT("'data'!C" & C18)/INDIRECT("'data'!B" & C18)/2*24*60 -> 40 | F18: 240 | G18: =IFERROR(getCoinPrice($O18), $F18) -> 240 | H18: =H17*D18 -> 0 | I18: =G17*D18 -> 200.80294 | J18: =INDIRECT("'data'!E" & C18) -> 49.79559 | K18: =INDIRECT("'data'!W" & C18) -> 4.2289248 | L18: =L10+#REF!+L13+L15 -> #REF! | M18: =L18*12 -> #REF! | O18: 0x54ae64826ca9d440ede8c33e6cf4cfa1a3aa5801
A19: GLASS | B19: GLASS_5 | C19: =MATCH(B19, data!A:A, 0) -> 332 | D19: =INDIRECT("'data'!G" & C19)/INDIRECT("'data'!B" & C19) -> 164.47033 | E19: =INDIRECT("'data'!C" & C19)/INDIRECT("'data'!B" & C19)/2*24*60 -> 315 | F19: 470 | G19: =IFERROR(getCoinPrice($O19), $F19) -> 437.55081 | H19: =H18*D19 -> 0 | I19: =G17*D19 -> 9942.1383 | J19: =INDIRECT("'data'!E" & C19) -> -15.826075 | K19: =INDIRECT("'data'!W" & C19) -> -2.9281724 | O19: 0x7aa1cc00ca62982ab10d12fd4f6b6687f33011ad
A20: SULFUR | B20: SULFUR_2 | C20: =MATCH(B20, data!A:A, 0) -> 468 | D20: =INDIRECT("'data'!G" & C20)/INDIRECT("'data'!B" & C20) -> 7.5145 | E20: =INDIRECT("'data'!C" & C20)/INDIRECT("'data'!B" & C20)/2*24*60 -> 2520 | F20: 2421 | G20: =IFERROR(getCoinPrice($O20), $F20) -> 2421 | H20: =H19*D20 -> 0 | I20: =G19*D20 -> 3287.9756 | J20: =INDIRECT("'data'!E" & C20) -> -4.0524167 | K20: =INDIRECT("'data'!W" & C20) -> -0.48629 | M20: next step | O20: 0x346e30b7ca273fb001eec84fabf2b693617df710
A21: FIBERGLASS | B21: FIBERGLASS_2 | C21: =MATCH(B21, data!A:A, 0) -> 490 | D21: =INDIRECT("'data'!G" & C21)/INDIRECT("'data'!B" & C21) -> 9.88 | E21: =INDIRECT("'data'!C" & C21)/INDIRECT("'data'!B" & C21)/2*24*60 -> 3960 | F21: 8430 | G21: =IFERROR(getCoinPrice($O21), $F21) -> 8430 | H21: =H20*D21 -> 0 | I21: =G20*D21 -> 23919.48 | J21: =INDIRECT("'data'!E" & C21) -> -9.9644392 | K21: =INDIRECT("'data'!W" & C21) -> -1.2895157 | M21: 8 | O21: 0x0ffb7bd0bc009a01f9f9e95a0f563bad2189f151
A22: CERAMICS | B22: CERAMICS_10 | C22: =MATCH(B22, data!A:A, 0) -> 274 | D22: =INDIRECT("'data'!G" & C22)/INDIRECT("'data'!B" & C22) -> 263.40175 | E22: =INDIRECT("'data'!C" & C22)/INDIRECT("'data'!B" & C22)/2*24*60 -> 108.75 | F22: 80 | G22: =IFERROR(getCoinPrice($O22), $F22) -> 80 | H22: =H21*D22 -> 0 | I22: =G21*D22 -> 2220476.8 | J22: =INDIRECT("'data'!E" & C22) -> -1.253276 | K22: =INDIRECT("'data'!W" & C22) -> -0.14992824 | O22: 0xfa3a564b27deb29781f80032df662a4406eebef6
A23: STONE | B23: STONE_6 | C23: =MATCH(B23, data!A:A, 0) -> 370 | D23: =INDIRECT("'data'!G" & C23)/INDIRECT("'data'!B" & C23) -> 9.044 | E23: =INDIRECT("'data'!C" & C23)/INDIRECT("'data'!B" & C23)/2*24*60 -> 525 | F23: 320 | G23: =IFERROR(getCoinPrice($O23), $F23) -> 307.62219 | H23: =H22*D23 -> 0 | I23: =G22*D23 -> 723.52 | J23: =INDIRECT("'data'!E" & C23) -> 3.9474333 | K23: =INDIRECT("'data'!W" & C23) -> 0.49981248 | O23: 0xda4145a4975b1219e85a233673187309c4840044
A24: STEAM | B24: STEAM_1 | C24: =MATCH(B24, data!A:A, 0) -> 381 | D24: =INDIRECT("'data'!G" & C24)/INDIRECT("'data'!B" & C24) -> 1.9 | E24: =INDIRECT("'data'!C" & C24)/INDIRECT("'data'!B" & C24)/2*24*60 -> 960 | F24: 1250 | G24: =IFERROR(getCoinPrice($O24), $F24) -> 1250 | H24: =H23*D24 -> 0 | I24: =G23*D24 -> 584.48215 | J24: =INDIRECT("'data'!E" & C24) -> -5.528125 | K24: =INDIRECT("'data'!W" & C24) -> -0.8845 | O24: 0x7bf03c63adfded079adbd9f807ccce0fd28b8fd8
A25: CEMENT | B25: CEMENT_6 | C25: =MATCH(B25, data!A:A, 0) -> 434 | D25: =INDIRECT("'data'!G" & C25)/INDIRECT("'data'!B" & C25) -> 9.044 | E25: =INDIRECT("'data'!C" & C25)/INDIRECT("'data'!B" & C25)/2*24*60 -> 900 | F25: 1800 | G25: =IFERROR(getCoinPrice($O25), $F25) -> 1745.7678 | H25: =H24*D25 -> 0 | I25: =G24*D25 -> 11305 | J25: =INDIRECT("'data'!E" & C25) -> 9.5196096 | K25: =INDIRECT("'data'!W" & C25) -> 0.80674657 | O25: 0x491a412400840651c243acfc1ed9947ffe8a4e8f
A26: ACID | B26: ACID_4 | C26: =MATCH(B26, data!A:A, 0) -> 459 | D26: =INDIRECT("'data'!G" & C26)/INDIRECT("'data'!B" & C26) -> 1.8335 | E26: =INDIRECT("'data'!C" & C26)/INDIRECT("'data'!B" & C26)/2*24*60 -> 1500 | F26: 2250 | G26: =IFERROR(getCoinPrice($O26), $F26) -> 2250 | H26: =H25*D26 -> 0 | I26: =G25*D26 -> 3200.8653 | J26: =INDIRECT("'data'!E" & C26) -> -4.6943476 | K26: =INDIRECT("'data'!W" & C26) -> -0.3938211 | O26: 0xefc128c4cb990a5ecc88ff71e9efcc0eaef434d2
A27: PLASTICS | B27: PLASTICS_4 | C27: =MATCH(B27, data!A:A, 0) -> 481 | D27: =INDIRECT("'data'!G" & C27)/INDIRECT("'data'!B" & C27) -> 2.89 | E27: =INDIRECT("'data'!C" & C27)/INDIRECT("'data'!B" & C27)/2*24*60 -> 1920 | F27: 9000 | G27: =IFERROR(getCoinPrice($O27), $F27) -> 9000 | H27: =H26*D27 -> 0 | I27: =G26*D27 -> 6502.5 | J27: =INDIRECT("'data'!E" & C27) -> -12.363875 | K27: =INDIRECT("'data'!W" & C27) -> -0.90952643 | O27: 0x0ab775634107063a7c16c6c8e0fd6bda1f219ae6
A28: ENERGY | B28: ENERGY_5 | C28: =MATCH(B28, data!A:A, 0) -> 504 | D28: =INDIRECT("'data'!G" & C28)/INDIRECT("'data'!B" & C28) -> 1.9 | E28: =INDIRECT("'data'!C" & C28)/INDIRECT("'data'!B" & C28)/2*24*60 -> 1440 | F28: 9350 | G28: =IFERROR(getCoinPrice($O28), $F28) -> 9246.0247 | H28: =H27*D28 -> 0 | I28: =G27*D28 -> 17100 | J28: =INDIRECT("'data'!E" & C28) -> -10.988396 | K28: =INDIRECT("'data'!W" & C28) -> -0.47949363 | O28: 0xb0a3c31aae83526fd6ee75aac552822d676f46b2
A29: HYDROGEN | B29: HYDROGEN_5 | C29: =MATCH(B29, data!A:A, 0) -> 515 | D29: =INDIRECT("'data'!G" & C29)/INDIRECT("'data'!B" & C29) -> 6 | E29: =INDIRECT("'data'!C" & C29)/INDIRECT("'data'!B" & C29)/2*24*60 -> 720 | F29: 23000 | G29: =IFERROR(getCoinPrice($O29), $F29) -> 23546.634 | H29: =H28*D29 -> 0 | I29: =G28*D29 -> 55476.148 | J29: =INDIRECT("'data'!E" & C29) -> 14.524141 | K29: =INDIRECT("'data'!W" & C29) -> 0.25332804 | O29: 0xbb155716cd99d7ef8fd3fb45c91d39958c95b088
A30: DYNAMITE | B30: DYNAMITE_5 | C30: =MATCH(B30, data!A:A, 0) -> 521 | D30: =INDIRECT("'data'!G" & C30)/INDIRECT("'data'!B" & C30) -> 2.61 | E30: =INDIRECT("'data'!C" & C30)/INDIRECT("'data'!B" & C30)/2*24*60 -> 720 | F30: 39000 | G30: =IFERROR(getCoinPrice($O30), $F30) -> 39499.847 | H30: =H29*D30 -> 0 | I30: =G29*D30 -> 61456.716 | J30: =INDIRECT("'data'!E" & C30) -> 136.0876 | K30: =INDIRECT("'data'!W" & C30) -> 1.6330512 | O30: 0x85172e7ff5040366fa5a3caf7b1bd969bb06b570
F257: {=INDIRECT("renta!G$"& MATCH(A264,renta!$A:$A,0)-(H264*renta!$G$7)/C264-(L264*renta!$G$17)/C264)} -> #N/A

Sheet data
A1: ID | B1: OUTPUT | C1: DURATION | D1: gain coin/item | E1: coin/h | F1: INPUT 1 SYMBOL | G1: input1 | H1: INPUT 1 AMOUNT | I1: INPUT 2 SYMBOL | J1: input 2 | K1: INPUT 2 AMOUNT | L1: YIELD | M1: BATTERY COST | N1: XP PER OUTPUT | O1: COST SYMBOL | P1: COST AMOUNT | R1: cost update | S1: sum | U1: amélior coin/h/kcoin | V1: k power | W1: coin/kpower | X1: amélio coin/kpower | Y1: OUTPUT CHANGE | Z1: DURATION CHANGE | AA1: PRODUCTION CHANGE | AB1: INPUT 1 CONSUMPTION PER DAY | AC1: INPUT 1 PRODUCTION PER DAY AT SAME VALUE | AD1: INPUT 2 CONSUMPTION PER DAY | AE1: INPUT 2 PRODUCTION PER DAY AT SAME VALUE | AF1: OUTPUT PER BATTERY | AG1: XP PER DAY | AH1: XP PER BATTERY | AI1: bonus
A2: MUD_1 | B2: 1 | C2: 0.00011574074 | D2: {=IFERROR(INDIRECT("'renta'!G$"&MATCH(T2,renta!$A:$A,0))*0.975-(G2*INDIRECT("'renta'!G$"&MATCH(F2,renta!$A:$A,0)))/B2-IFERROR((J2*INDIRECT("'renta'!G$"&MATCH(I2,renta!$A:$A,0)))/B2,0),)} -> -0.00042824969 | E2: =IFERROR( D2/C2/24*B2*2*(1+AI2),0) -> -0.30833978 | F2: EARTH | G2: =H2*0.95 -> 2.85 | H2: 3,00 | L2: 100.00% | M2: 0 | N2: 1 | O2: EARTH | P2: 1 | R2: {=INDIRECT("'renta'!G$"&MATCH(O2,renta!$A:$A,0))*P2} -> 0.0041 | S2: =SUM(R$2:R2) -> 0.0041 | T2: =IFERROR(LEFT(A2, FIND("_", A2) - 1),"") -> MUD | U2: =(E2-E1)/R2*1000 -> #VALUE! | W2: =IFERROR(D2/V2*B2,) | Y2: 0 | Z2: 0 | AA2: 0 | AB2: 25920 | AC2: 28,800.00 | AF2: 1.00 | AG2: 8,640.00
A3: MUD_2 | B3: 2 | C3: 0.00011574074 | D3: {=IFERROR(INDIRECT("'renta'!G$"&MATCH(T3,renta!$A:$A,0))*0.975-(G3*INDIRECT("'renta'!G$"&MATCH(F3,renta!$A:$A,0)))/B3-IFERROR((J3*INDIRECT("'renta'!G$"&MATCH(I3,renta!$A:$A,0)))/B3,0),)} -> -0.00042824969 | E3: =IFERROR( D3/C3/24*B3*2*(1+AI3),0) -> -0.61667956 | F3: EARTH | G3: =H3*0.95 -> 5.7 | H3: 6,00 | L3: 100.00% | M3: 0 | N3: 1 | O3: MUD | P3: 3 | R3: {=INDIRECT("'renta'!G$"&MATCH(O3,renta!$A:$A,0))*P3} -> 0.034636155 | S3: =SUM(R$2:R3) -> 0.038736155 | T3: =IFERROR(LEFT(A3, FIND("_", A3) - 1),"") -> MUD | U3: =(E3-E2)/R3*1000 -> -8902.252 | W3: =IFERROR(D3/V3*B3,) | Y3: 1 | Z3: 0 | AA3: 1 | AB3: 51,840.00 | AC3: 57,600.00 | AF3: 2.00 | AG3: 17,280.00
A4: MUD_3 | B4: 4 | C4: 0.00016203704 | D4: {=IFERROR(INDIRECT("'renta'!G$"&MATCH(T4,renta!$A:$A,0))*0.975-(G4*INDIRECT("'renta'!G$"&MATCH(F4,renta!$A:$A,0)))/B4-IFERROR((J4*INDIRECT("'renta'!G$"&MATCH(I4,renta!$A:$A,0)))/B4,0),)} -> -0.00042824969 | E4: =IFERROR( D4/C4/24*B4*2*(1+AI4),0) -> -0.8809708 | F4: EARTH | G4: =H4*0.95 -> 11.4 | H4: 12,00 | L4: 100.00% | M4: 0 | N4: 1 | O4: MUD | P4: 6 | R4: {=INDIRECT("'renta'!G$"&MATCH(O4,renta!$A:$A,0))*P4} -> 0.06927231 | S4: =SUM(R$2:R4) -> 0.10800846 | T4: =IFERROR(LEFT(A4, FIND("_", A4) - 1),"") -> MUD | U4: =(E4-E3)/R4*1000 -> -3815.2509 | W4: =IFERROR(D4/V4*B4,) | Y4: 2 | Z4: 4.6296296e-05 | AA4: 47.22% | AB4: 76,320.00 | AC4: 86,400.00 | AF4: 4.00 | AG4: 25,440.00
A5: MUD_4 | B5: 14 | C5: 0.00042824074 | D5: {=IFERROR(INDIRECT("'renta'!G$"&MATCH(T5,renta!$A:$A,0))*0.975-(G5*INDIRECT("'renta'!G$"&MATCH(F5,renta!$A:$A,0)))/B5-IFERROR((J5*INDIRECT("'renta'!G$"&MATCH(I5,renta!$A:$A,0)))/B5,0),)} -> -0.00042824969 | E5: =IFERROR( D5/C5/24*B5*2*(1+AI5),0) -> -1.1666911 | F5: EARTH | G5: =H5*0.95 -> 39.9 | H5: 42,00 | L5: 100.00% | M5: 2 | N5: 1 | O5: CLAY | P5: 2 | R5: {=INDIRECT("'renta'!G$"&MATCH(O5,renta!$A:$A,0))*P5} -> 0.24 | S5: =SUM(R$2:R5) -> 0.34800846 | T5: =IFERROR(LEFT(A5, FIND("_", A5) - 1),"") -> MUD | U5: =(E5-E4)/R5*1000 -> -1190.5011 | W5: =IFERROR(D5/V5*B5,) | Y5: 10 | Z5: 0.0002662037 | AA5: 30.19% | AB5: 99,360.00 | AC5: 129,600.00 | AF5: 7.00 | AG5: 33,120.00 | AH5: 7
A6: MUD_5 | B6: 28 | C6: 0.00069444444 | D6: {=IFERROR(INDIRECT("'renta'!G$"&MATCH(T6,renta!$A:$A,0))*0.975-(G6*INDIRECT("'renta'!G$"&MATCH(F6,renta!$A:$A,0)))/B6-IFERROR((J6*INDIRECT("'renta'!G$"&MATCH(I6,renta!$A:$A,0)))/B6,0),)} -> -0.00042824969 | E6: =IFERROR( D6/C6/24*B6*2*(1+AI6),0) -> -1.438919 | F6: EARTH | G6: =H6*0.95 -> 79.8 | H6: 84,00 | L6: 100.00% | M6: 4 | N6: 1 | O6: SAND | P6: 2 | R6: {=INDIRECT("'renta'!G$"&MATCH(O6,renta!$A:$A,0))*P6} -> 0.62353859 | S6: =SUM(R$2:R6) -> 0.97154705 | T6: =IFERROR(LEFT(A6, FIND("_", A6) - 1),"") -> MUD | U6: =(E6-E5)/R6*1000 -> -436.58551 | W6: =IFERROR(D6/V6*B6,) | Y6: 14 | Z6: 0.0002662037 | AA6: 21.74% | AB6: 120,960.00 | AC6: 216,000.00 | AF6: 7.00 | AG6: 40,320.00 | AH6: 7
A7: MUD_6 | B7: 65 | C7: 0.0013888889 | D7: {=IFERROR(INDIRECT("'renta'!G$"&MATCH(T7,renta!$A:$A,0))*0.975-(G7*INDIRECT("'renta'!G$"&MATCH(F7,renta!$A:$A,0)))/B7-IFERROR((J7*INDIRECT("'renta'!G$"&MATCH(I7,renta!$A:$A,0)))/B7,0),)} -> -0.00042824969 | E7: =IFERROR( D7/C7/24*B7*2*(1+AI7),0) -> -1.6701738 | F7: EARTH | G7: =H7*0.95 -> 185.25 | H7: 195,00 | L7: 100.00% | M7: 10 | N7: 1 | O7: SAND | P7: 4 | R7: {=INDIRECT("'renta'!G$"&MATCH(O7,renta!$A:$A,0))*P7} -> 1.2470772 | S7: =SUM(R$2:R7) -> 2.2186242 | T7: =IFERROR(LEFT(A7, FIND("_", A7) - 1),"") -> MUD | U7: =(E7-E6)/R7*1000 -> -185.43747 | W7: =IFERROR(D7/V7*B7,) | Y7: 37 | Z7: 0.00069444444 | AA7: 16.07% | AB7: 140,400.00 | AC7: 264,000.00 | AF7: 6.50 | AG7: 46,800.00 | AH7: 7
A8: MUD_7 | B8: 185 | C8: 0.0034722222 | D8: {=IFERROR(INDIRECT("'renta'!G$"&MATCH(T8,renta!$A:$A,0))*0.975-(G8*INDIRECT("'renta'!G$"&MATCH(F8,renta!$A:$A,0)))/B8-IFERROR((J8*INDIRECT("'renta'!G$"&MATCH(I8,renta!$A:$A,0)))/B8,0),)} -> -0.00042824969 | E8: =IFERROR( D8/C8/24*B8*2*(1+AI8),0) -> -1.9014286 | F8: EARTH | G8: =H8*0.95 -> 527.25 | H8: 555,00 | L8: 100.00% | M8: 27 | N8: 1 | O8: SAND | P8: 6 | R8: {=INDIRECT("'renta'!G$"&MATCH(O8,renta!$A:$A,0))*P8} -> 1.8706158 | S8: =SUM(R$2:R8) -> 4.08924 | T8: =IFERROR(LEFT(A8, FIND("_", A8) - 1),"") -> MUD | U8: =(E8-E7)/R8*1000 -> -123.62498 | W8: =IFERROR(D8/V8*B8,) | Y8: 120 | Z8: 0.0020833333 | AA8: 13.85% | AB8: 159,840.00 | AC8: 264,000.00 | AF8: 6.85 | AG8: 53,280.00 | AH8: 7
A9: MUD_8 | B9: 412 | C9: 0.0069444444 | D9: {=IFERROR(INDIRECT("'renta'!G$"&MATCH(T9,renta!$A:$A,0))*0.975-(G9*INDIRECT("'renta'!G$"&MATCH(F9,renta!$A:$A,0)))/B9-IFERROR((J9*INDIRECT("'renta'!G$"&MATCH(I9,renta!$A:$A,0)))/B9,0),)} -> -0.00042824969 | E9: =IFERROR( D9/C9/24*B9*2*(1+AI9),0) -> -2.1172665 | F9: EARTH | G9: =H9*0.95 -> 1174.2 | H9: 1236,00 | L9: 100.00% | M9: 59 | N9: 1 | O9: SAND | P9: 20 | R9: {=INDIRECT("'renta'!G$"&MATCH(O9,renta!$A:$A,0))*P9} -> 6.2353859 | S9: =SUM(R$2:R9) -> 10.324626 | T9: =IFERROR(LEFT(A9, FIND("_", A9) - 1),"") -> MUD | U9: =(E9-E8)/R9*1000 -> -34.614994 | W9: =IFERROR(D9/V9*B9,) | Y9: 227 | Z9: 0.0034722222 | AA9: 11.26% | AB9: 177,840.00 | AC9: 360,000.00 | AF9: 6.98 | AG9: 59,280.00 | AH9: 7
A10: MUD_9 | B10: 903 | C10: 0.013888889 | D10: {=IFERROR(INDIRECT("'renta'!G$"&MATCH(T10,renta!$A:$A,0))*0.975-(G10*INDIRECT("'renta'!G$"&MATCH(F10,renta!$A:$A,0)))/B10-IFERROR((J10*INDIRECT("'renta'!G$"&MATCH(I10,renta!$A:$A,0)))/B10,0),)} -> -0.00042824969 | E10: =IFERROR( D10/C10/24*B10*2*(1+AI10),0) -> -2.3202568 | F10: EARTH | G10: =H10*0.95 -> 2573.55 | H10: 2709,00 | L10: 100.00% | M10: 129 | N10: 1 | O10: SAND | P10: 35 | R10: {=INDIRECT("'renta'!G$"&MATCH(O10,renta!$A:$A,0))*P10} -> 10.911925 | S10: =SUM(R$2:R10) -> 21.236551 | T10: =IFERROR(LEFT(A10, FIND("_", A10) - 1),"") -> MUD | U10: =(E10-E9)/R10*1000 -> -18.602616 | W10: =IFERROR(D10/V10*B10,) | Y10: 491 | Z10: 0.0069328704 | AA10: 9.72% | AB10: 195,120.00 | AC10: 360,000.00 | AF10: 7.00 | AG10: 65,040.00 | AH10: 7
A11: MUD_10 | B11: 1470 | C11: 0.020833333 | D11: {=IFERROR(INDIRECT("'renta'!G$"&MATCH(T11,renta!$A:$A,0))*0.975-(G11*INDIRECT("'renta'!G$"&MATCH(F11,renta!$A:$A,0)))/B11-IFERROR((J11*INDIRECT("'renta'!G$"&MATCH(I11,renta!$A:$A,0)))/B11,0),)} -> -0.00042824969 | E11: =IFERROR( D11/C11/24*B11*2*(1+AI11),0) -> -2.5181082 | F11: EARTH | G11: =H11*0.95 -> 4189.5 | H11: 4410,00 | L11: 100.00% | M11: 210 | N11: 1 | O11: SAND | P11: 50 | R11: {=INDIRECT("'renta'!G$"&MATCH(O11,renta!$A:$A,0))*P11} -> 15.588465 | S11: =SUM(R$2:R11) -> 36.825016 | T11: =IFERROR(LEFT(A11, FIND("_", A11) - 1),"") -> MUD | U11: =(E11-E10)/R11*1000 -> -12.692164 | W11: =IFERROR(D11/V11*B11,) | Y11: 567 | Z11: 0.0069444444 | AA11: 8.49% | AB11: 211,680.00 | AC11: 360,000.00 | AF11: 7.00 | AG11: 70,560.00 | AH11: 7
A12: MUD_11 | B12: 2107 | C12: 0.027777778 | D12: {=IFERROR(INDIRECT("'renta'!G$"&MATCH(T12,renta!$A:$A,0))*0.975-(G12*INDIRECT("'renta'!G$"&MATCH(F12,renta!$A:$A,0)))/B12-IFERROR((J12*INDIRECT("'renta'!G$"&MATCH(I12,renta!$A:$A,0)))/B12,0),)} -> -0.00042824969 | E12: =IFERROR( D12/C12/24*B12*2*(1+AI12),0) -> -2.7069663 | F12: EARTH | G12: =H12*0.95 -> 6004.95 | H12: 6321,00 | L12: 100.00% | M12: 301 | N12: 1 | O12: COPPER | P12: 2 | R12: {=INDIRECT("'renta'!G$"&MATCH(O12,renta!$A:$A,0))*P12} -> 16.66 | S12: =SUM(R$2:R12) -> 53.485016 | T12: =IFERROR(LEFT(A12, FIND("_", A12) - 1),"") -> MUD | U12: =(E12-E11)/R12*1000 -> -11.336021 | W12: =IFERROR(D12/V12*B12,) | Y12: 637 | Z12: 0.0069444444 | AA12: 7.48% | AB12: 227,520.00 | AC12: 360,000.00 | AF12: 7.00 | AG12: 75,840.00 | AH12: 7
A13: MUD_12 | B13: 2527 | C13: 0.031238426 | D13: {=IFERROR(INDIRECT("'renta'!G$"&MATCH(T13,renta!$A:$A,0))*0.975-(G13*INDIRECT("'renta'!G$"&MATCH(F13,renta!$A:$A,0)))/B13-IFERROR((J13*INDIRECT("'renta'!G$"&MATCH(I13,renta!$A:$A,0)))/B13,0),)} -> -0.00042824969 | E13: =IFERROR( D13/C13/24*B13*2*(1+AI13),0) -> -2.8869012 | F13: EARTH | G13: =H13*0.95 -> 7201.95 | H13: 7581,00 | L13: 100.00% | M13: 361 | N13: 1 | O13: COPPER | P13: 3 | R13: {=INDIRECT("'renta'!G$"&MATCH(O13,renta!$A:$A,0))*P13} -> 24.99 | S13: =SUM(R$2:R13) -> 78.475016 | T13: =IFERROR(LEFT(A13, FIND("_", A13) - 1),"") -> MUD | U13: =(E13-E12)/R13*1000 -> -7.2002739 | W13: =IFERROR(D13/V13*B13,) | Y13: 420 | Z13: 0.0034606481 | AA13: 6.65% | AB13: 242,640.00 | AC13: 360,000.00 | AF13: 7.00 | AG13: 80,880.00 | AH13: 7
A14: MUD_13 | B14: 2975 | C14: 0.034722222 | D14: {=IFERROR(INDIRECT("'renta'!G$"&MATCH(T14,renta!$A:$A,0))*0.975-(G14*INDIRECT("'renta'!G$"&MATCH(F14,renta!$A:$A,0)))/B14-IFERROR((J14*INDIRECT("'renta'!G$"&MATCH(I14,renta!$A:$A,0)))/B14,0),)} -> -0.00042824969 | E14: =IFERROR( D14/C14/24*B14*2*(1+AI14),0) -> -3.0577028 | F14: EARTH | G14: =H14*0.95 -> 8478.75 | H14: 8925,00 | L14: 100.00% | M14: 425 | N14: 1 | O14: COPPER | P14: 5 | R14: {=INDIRECT("'renta'!G$"&MATCH(O14,renta!$A:$A,0))*P14} -> 41.65 | S14: =SUM(R$2:R14) -> 120.12502 | T14: =IFERROR(LEFT(A14, FIND("_", A14) - 1),"") -> MUD | U14: =(E14-E13)/R14*1000 -> -4.1008801 | W14: =IFERROR(D14/V14*B14,) | Y14: 448 | Z14: 0.0034837963 | AA14: 5.93% | AB14: 257,040.00 | AC14: 360,000.00 | AF14: 7.00 | AG14: 85,680.00 | AH14: 7
A15: MUD_14 | B15: 3384 | C15: 0.0375 | D15: {=IFERROR(INDIRECT("'renta'!G$"&MATCH(T15,renta!$A:$A,0))*0.975-(G15*INDIRECT("'renta'!G$"&MATCH(F15,renta!$A:$A,0)))/B15-IFERROR((J15*INDIRECT("'renta'!G$"&MATCH(I15,renta!$A:$A,0)))/B15,0),)} -> -0.00042824969 | E15: =IFERROR( D15/C15/24*B15*2*(1+AI15),0) -> -3.2204377 | F15: EARTH | G15: =H15*0.95 -> 9644.4 | H15: 10152,00 | L15: 100.00% | M15: 484 | N15: 1 | O15: COPPER | P15: 8 | R15: {=INDIRECT("'renta'!G$"&MATCH(O15,renta!$A:$A,0))*P15} -> 66.64 | S15: =SUM(R$2:R15) -> 186.76502 | T15: =IFERROR(LEFT(A15, FIND("_", A15) - 1),"") -> MUD | U15: =(E15-E14)/R15*1000 -> -2.4420001 | W15: =IFERROR(D15/V15*B15,) | Y15: 409 | Z15: 0.0027777778 | AA15: 5.32% | AB15: 270,720.00 | AC15: 360,000.00 | AF15: 6.99 | AG15: 90,240.00 | AH15: 7
A16: MUD_15 | B16: 3743 | C16: 0.039583333 | D16: {=IFERROR(INDIRECT("'renta'!G$"&MATCH(T16,renta!$A:$A,0))*0.975-(G16*INDIRECT("'renta'!G$"&MATCH(F16,renta!$A:$A,0)))/B16-IFERROR((J16*INDIRECT("'renta'!G$"&MATCH(I16,renta!$A:$A,0)))/B16,0),)} -> -0.00042824969 | E16: =IFERROR( D16/C16/24*B16*2*(1+AI16),0) -> -3.3746076 | F16: EARTH | G16: =H16*0.95 -> 10667.55 | H16: 11229,00 | L16: 100.00% | M16: 535 | N16: 1 | O16: COPPER | P16: 12 | R16: {=INDIRECT("'renta'!G$"&MATCH(O16,renta!$A:$A,0))*P16} -> 99.96 | S16: =SUM(R$2:R16) -> 286.72502 | T16: =IFERROR(LEFT(A16, FIND("_", A16) - 1),"") -> MUD | U16: =(E16-E15)/R16*1000 -> -1.5423158 | W16: =IFERROR(D16/V16*B16,) | Y16: 359 | Z16: 0.0020833333 | AA16: 4.79% | AB16: 283,680.00 | AC16: 360,000.00 | AF16: 7.00 | AG16: 94,560.00 | AH16: 7
A17: MUD_16 | B17: 4110 | C17: 0.041666667 | D17: {=IFERROR(INDIRECT("'renta'!G$"&MATCH(T17,renta!$A:$A,0))*0.975-(G17*INDIRECT("'renta'!G$"&MATCH(F17,renta!$A:$A,0)))/B17-IFERROR((J17*INDIRECT("'renta'!G$"&MATCH(I17,renta!$A:$A,0)))/B17,0),)} -> -0.00042824969 | E17: =IFERROR( D17/C17/24*B17*2*(1+AI17),0) -> -3.5202125 | F17: EARTH | G17: =H17*0.95 -> 11713.5 | H17: 12330,00 | L17: 100.00% | M17: 588 | N17: 1 | O17: COPPER | P17: 16 | R17: {=INDIRECT("'renta'!G$"&MATCH(O17,renta!$A:$A,0))*P17} -> 133.28 | S17: =SUM(R$2:R17) -> 420.00502 | T17: =IFERROR(LEFT(A17, FIND("_", A17) - 1),"") -> MUD | U17: =(E17-E16)/R17*1000 -> -1.0924737 | W17: =IFERROR(D17/V17*B17,) | Y17: 367 | Z17: 0.0020833333 | AA17: 4.31% | AB17: 295,920.00 | AC17: 360,000.00 | AF17: 6.99 | AG17: 98,640.00 | AH17: 7
A18: MUD_17 | B18: 4412 | C18: 0.043055556 | D18: {=IFERROR(INDIRECT("'renta'!G$"&MATCH(T18,renta!$A:$A,0))*0.975-(G18*INDIRECT("'renta'!G$"&MATCH(F18,renta!$A:$A,0)))/B18-IFERROR((J18*INDIRECT("'renta'!G$"&MATCH(I18,renta!$A:$A,0)))/B18,0),)} -> -0.00042824969 | E18: =IFERROR( D18/C18/24*B18*2*(1+AI18),0) -> -3.6569761 | F18: EARTH | G18: =H18*0.95 -> 12574.2 | H18: 13236,00 | L18: 100.00% | M18: 631 | N18: 1 | O18: COPPER | P18: 21 | R18: {=INDIRECT("'renta'!G$"&MATCH(O18,renta!$A:$A,0))*P18} -> 174.93 | S18: =SUM(R$2:R18) -> 594.93502 | T18: =IFERROR(LEFT(A18, FIND("_", A18) - 1),"") -> MUD | U18: =(E18-E17)/R18*1000 -> -0.78181908 | V18: 0.631 | W18: =IFERROR(D18/V18*B18,) -> -2.9943544 | Y18: 302 | Z18: 0.0013888889 | AA18: 3.89% | AB18: 307,440.00 | AC18: 360,000.00 | AF18: 6.99 | AG18: 102,480.00 | AH18: 7
A19: MUD_18 | B19: 4714 | C19: 0.044444444 | D19: {=IFERROR(INDIRECT("'renta'!G$"&MATCH(T19,renta!$A:$A,0))*0.975-(G19*INDIRECT("'renta'!G$"&MATCH(F19,renta!$A:$A,0)))/B19-IFERROR((J19*INDIRECT("'renta'!G$"&MATCH(I19,renta!$A:$A,0)))/B19,0),)} -> -0.00042824969 | E19: =IFERROR( D19/C19/24*B19*2*(1+AI19),0) -> -3.785192 | F19: EARTH | G19: =H19*0.95 -> 13434.9 | H19: 14142,00 | L19: 100.00% | M19: 674 | N19: 1 | O19: COPPER | P19: 26 | R19: {=INDIRECT("'renta'!G$"&MATCH(O19,renta!$A:$A,0))*P19} -> 216.58 | S19: =SUM(R$2:R19) -> 811.51502 | T19: =IFERROR(LEFT(A19, FIND("_", A19) - 1),"") -> MUD | U19: =(E19-E18)/R19*1000 -> -0.59200243 | W19: =IFERROR(D19/V19*B19,) | Y19: 302 | Z19: 0.0013888889 | AA19: 3.5% | AB19: 318,195.00 | AC19: 360,000.00 | AF19: 6.99 | AG19: 106,065.00 | AH19: 7
A20: MUD_19 | B20: 5016 | C20: 0.045833333 | D20: {=IFERROR(INDIRECT("'renta'!G$"&MATCH(T20,renta!$A:$A,0))*0.975-(G20*INDIRECT("'renta'!G$"&MATCH(F20,renta!$A:$A,0)))/B20-IFERROR((J20*INDIRECT("'renta'!G$"&MATCH(I20,renta!$A:$A,0)))/B20,0),)} -> -0.00042824969 | E20: =IFERROR( D20/C20/24*B20*2*(1+AI20),0) -> -3.9056372 | F20: EARTH | G20: =H20*0.95 -> 14295.6 | H20: 15048,00 | L20: 100.00% | M20: 717 | N20: 1 | O20: COPPER | P20: 32 | R20: {=INDIRECT("'renta'!G$"&MATCH(O20,renta!$A:$A,0))*P20} -> 266.56 | S20: =SUM(R$2:R20) -> 1078.075 | T20: =IFERROR(LEFT(A20, FIND("_", A20) - 1),"") -> MUD | U20: =(E20-E19)/R20*1000 -> -0.45185034 | W20: =IFERROR(D20/V20*B20,) | Y20: 302 | Z20: 0.0013888889 | AA20: 3.18% | AB20: 328,320.00 | AC20: 360,000.00 | AF20: 7.00 | AG20: 109,440.00 | AH20: 7
A21: MUD_20 | B21: 5315 | C21: 0.047222222 | D21: {=IFERROR(INDIRECT("'renta'!G$"&MATCH(T21,renta!$A:$A,0))*0.975-(G21*INDIRECT("'renta'!G$"&MATCH(F21,renta!$A:$A,0)))/B21-IFERROR((J21*INDIRECT("'renta'!G$"&MATCH(I21,renta!$A:$A,0)))/B21,0),)} -> -0.00042824969 | E21: =IFERROR( D21/C21/24*B21*2*(1+AI21),0) -> -4.0167302 | F21: EARTH | G21: =H21*0.95 -> 15147.75 | H21: 15945,00 | L21: 100.00% | M21: 760 | N21: 1 | O21: COPPER | P21: 39 | R21: {=INDIRECT("'renta'!G$"&MATCH(O21,renta!$A:$A,0))*P21} -> 324.87 | S21: =SUM(R$2:R21) -> 1402.945 | T21: =IFERROR(LEFT(A21, FIND("_", A21) - 1),"") -> MUD | U21: =(E21-E20)/R21*1000 -> -0.34196143 | W21: =IFERROR(D21/V21*B21,) | Y21: 299 | Z21: 0.0013888889 | AA21: 2.85% | AB21: 337,680.00 | AC21: 360,000.00 | AF21: 6.99 | AG21: 112,560.00 | AH21: 7
A22: MUD_21 | B22: 5611 | C22: 0.048611111 | D22: {=IFERROR(INDIRECT("'renta'!G$"&MATCH(T22,renta!$A:$A,0))*0.975-(G22*INDIRECT("'renta'!G$"&MATCH(F22,renta!$A:$A,0)))/B22-IFERROR((J22*INDIRECT("'renta'!G$"&MATCH(I22,renta!$A:$A,0)))/B22,0),)} -> -0.00042824969 | E22: =IFERROR( D22/C22/24*B22*2*(1+AI22),0) -> -4.1192726 | F22: EARTH | G22: =H22*0.95 -> 15991.35 | H22: 16833,00 | L22: 100.00% | M22: 802 | N22: 1 | O22: COPPER | P22: 47 | R22: {=INDIRECT("'renta'!G$"&MATCH(O22,renta!$A:$A,0))*P22} -> 391.51 | S22: =SUM(R$2:R22) -> 1794.455 | T22: =IFERROR(LEFT(A22, FIND("_", A22) - 1),"") -> MUD | U22: =(E22-E21)/R22*1000 -> -0.26191517 | W22: =IFERROR(D22/V22*B22,) | Y22: 296 | Z22: 0.0013888889 | AA22: 2.56% | AB22: 346,320.00 | AC22: 360,000.00 | AF22: 7.00 | AG22: 115,440.00 | AH22: 7
A23: MUD_22 | B23: 5910 | C23: 0.05 | D23: {=IFERROR(INDIRECT("'renta'!G$"&MATCH(T23,renta!$A:$A,0))*0.975-(G23*INDIRECT("'renta'!G$"&MATCH(F23,renta!$A:$A,0)))/B23-IFERROR((J23*INDIRECT("'renta'!G$"&MATCH(I23,renta!$A:$A,0)))/B23,0),)} -> -0.00042824969 | E23: =IFERROR( D23/C23/24*B23*2*(1+AI23),0) -> -4.2182595 | F23: EARTH | G23: =H23*0.95 -> 16843.5 | H23: 17730,00 | L23: 100.00% | M23: 845 | N23: 1 | O23: COPPER | P23: 55 | R23: {=INDIRECT("'renta'!G$"&MATCH(O23,renta!$A:$A,0))*P23} -> 458.15 | S23: =SUM(R$2:R23) -> 2252.605 | T23: =IFERROR(LEFT(A23, FIND("_", A23) - 1),"") -> MUD | U23: =(E23-E22)/R23*1000 -> -0.21605775 | W23: =IFERROR(D23/V23*B23,) | Y23: 299 | Z23: 0.0013888889 | AA23: 2.39% | AB23: 354,600.00 | AC23: 360,000.00 | AF23: 6.99 | AG23: 118,200.00 | AH23: 7
A24: MUD_23 | B24: 6210 | C24: 0.051388889 | D24: {=IFERROR(INDIRECT("'renta'!G$"&MATCH(T24,renta!$A:$A,0))*0.975-(G24*INDIRECT("'renta'!G$"&MATCH(F24,renta!$A:$A,0)))/B24-IFERROR((J24*INDIRECT("'renta'!G$"&MATCH(I24,renta!$A:$A,0)))/B24,0),)} -> -0.00042824969 | E24: =IFERROR( D24/C24/24*B24*2*(1+AI24),0) -> -4.3125902 | F24: EARTH | G24: =H24*0.95 -> 17698.5 | H24: 18630,00 | L24: 100.00% | M24: 888 | N24: 1 | O24: COPPER | P24: 64 | R24: {=INDIRECT("'renta'!G$"&MATCH(O24,renta!$A:$A,0))*P24} -> 533.12 | S24: =SUM(R$2:R24) -> 2785.725 | T24: =IFERROR(LEFT(A24, FIND("_", A24) - 1),"") -> MUD | U24: =(E24-E23)/R24*1000 -> -0.17694079 | W24: =IFERROR(D24/V24*B24,) | Y24: 300 | Z24: 0.0013888889 | AA24: 2.23% | AB24: 362,520.00 | AC24: 360,000.00 | AF24: 6.99 | AG24: 120,840.00 | AH24: 7
A25: MUD_24 | B25: 6511 | C25: 0.052777778 | D25: {=IFERROR(INDIRECT("'renta'!G$"&MATCH(T25,renta!$A:$A,0))*0.975-(G25*INDIRECT("'renta'!G$"&MATCH(F25,renta!$A:$A,0)))/B25-IFERROR((J25*INDIRECT("'renta'!G$"&MATCH(I25,renta!$A:$A,0)))/B25,0),)} -> -0.00042824969 | E25: =IFERROR( D25/C25/24*B25*2*(1+AI25),0) -> -4.4026322 | F25: EARTH | G25: =H25*0.95 -> 18556.35 | H25: 19533,00 | L25: 100.00% | M25: 931 | N25: 1 | O25: COPPER | P25: 75 | R25: {=INDIRECT("'renta'!G$"&MATCH(O25,renta!$A:$A,0))*P25} -> 624.75 | S25: =SUM(R$2:R25) -> 3410.475 | T25: =IFERROR(LEFT(A25, FIND("_", A25) - 1),"") -> MUD | U25: =(E25-E24)/R25*1000 -> -0.14412499 | W25: =IFERROR(D25/V25*B25,) | Y25: 301 | Z25: 0.0013888889 | AA25: 2.09% | AB25: 370,080.00 | AC25: 360,000.00 | AF25: 6.99 | AG25: 123,360.00 | AH25: 7
A26: MUD_25 | B26: 6812 | C26: 0.054166667 | D26: {=IFERROR(INDIRECT("'renta'!G$"&MATCH(T26,renta!$A:$A,0))*0.975-(G26*INDIRECT("'renta'!G$"&MATCH(F26,renta!$A:$A,0)))/B26-IFERROR((J26*INDIRECT("'renta'!G$"&MATCH(I26,renta!$A:$A,0)))/B26,0),)} -> -0.00042824969 | E26: =IFERROR( D26/C26/24*B26*2*(1+AI26),0) -> -4.4880568 | F26: EARTH | G26: =H26*0.95 -> 19414.2 | H26: 20436,00 | L26: 100.00% | M26: 974 | N26: 1 | O26: STEEL | P26: 17 | R26: {=INDIRECT("'renta'!G$"&MATCH(O26,renta!$A:$A,0))*P26} -> 629 | S26: =SUM(R$2:R26) -> 4039.475 | T26: =IFERROR(LEFT(A26, FIND("_", A26) - 1),"") -> MUD | U26: =(E26-E25)/R26*1000 -> -0.13581009 | W26: =IFERROR(D26/V26*B26,) | Y26: 301 | Z26: 0.0013888889 | AA26: 1.95% | AB26: 377,280.00 | AC26: 360,000.00 | AF26: 6.99 | AG26: 125,760.00 | AH26: 7
A27: MUD_26 | B27: 7116 | C27: 0.055555556 | D27: {=IFERROR(INDIRECT("'renta'!G$"&MATCH(T27,renta!$A:$A,0))*0.975-(G27*INDIRECT("'renta'!G$"&MATCH(F27,renta!$A:$A,0)))/B27-IFERROR((J27*INDIRECT("'renta'!G$"&MATCH(I27,renta!$A:$A,0)))/B27,0),)} -> -0.00042824969 | E27: =IFERROR( D27/C27/24*B27*2*(1+AI27),0) -> -4.5711372 | F27: EARTH | G27: =H27*0.95 -> 20280.6 | H27: 21348,00 | L27: 100.00% | M27: 1.017 | N27: 1 | O27: STEEL | P27: 20 | R27: {=INDIRECT("'renta'!G$"&MATCH(O27,renta!$A:$A,0))*P27} -> 740 | S27: =SUM(R$2:R27) -> 4779.475 | T27: =IFERROR(LEFT(A27, FIND("_", A27) - 1),"") -> MUD | U27: =(E27-E26)/R27*1000 -> -0.11227087 | W27: =IFERROR(D27/V27*B27,) | Y27: 304 | Z27: 0.0013888889 | AA27: 1.85% | AB27: 384,264.00 | AC27: 360,000.00 | AF27: 7.00 | AG27: 128,088.00 | AH27: 7
A28: MUD_27 | B28: 7422 | C28: 0.056944444 | D28: {=IFERROR(INDIRECT("'renta'!G$"&MATCH(T28,renta!$A:$A,0))*0.975-(G28*INDIRECT("'renta'!G$"&MATCH(F28,renta!$A:$A,0)))/B28-IFERROR((J28*INDIRECT("'renta'!G$"&MATCH(I28,renta!$A:$A,0)))/B28,0),)} -> -0.00042824969 | E28: =IFERROR( D28/C28/24*B28*2*(1+AI28),0) -> -4.6514184 | F28: EARTH | G28: =H28*0.95 -> 21152.7 | H28: 22266,00 | L28: 100.00% | M28: 1.061 | N28: 1 | O28: STEEL | P28: 23 | R28: {=INDIRECT("'renta'!G$"&MATCH(O28,renta!$A:$A,0))*P28} -> 851 | S28: =SUM(R$2:R28) -> 5630.475 | T28: =IFERROR(LEFT(A28, FIND("_", A28) - 1),"") -> MUD | U28: =(E28-E27)/R28*1000 -> -0.094337426 | W28: =IFERROR(D28/V28*B28,) | Y28: 306 | Z28: 0.0013888889 | AA28: 1.76% | AB28: 391,032.00 | AC28: 360,000.00 | AF28: 7.00 | AG28: 130,344.00 | AH28: 7
A29: MUD_28 | B29: 7730 | C29: 0.058321759 | D29: {=IFERROR(INDIRECT("'renta'!G$"&MATCH(T29,renta!$A:$A,0))*0.975-(G29*INDIRECT("'renta'!G$"&MATCH(F29,renta!$A:$A,0)))/B29-IFERROR((J29*INDIRECT("'renta'!G$"&MATCH(I29,renta!$A:$A,0)))/B29,0),)} -> -0.00042824969 | E29: =IFERROR( D29/C29/24*B29*2*(1+AI29),0) -> -4.7300387 | F29: EARTH | G29: =H29*0.95 -> 22030.5 | H29: 23190,00 | L29: 100.00% | M29: 1.105 | N29: 1 | O29: STEEL | P29: 26 | R29: {=INDIRECT("'renta'!G$"&MATCH(O29,renta!$A:$A,0))*P29} -> 962 | S29: =SUM(R$2:R29) -> 6592.475 | T29: =IFERROR(LEFT(A29, FIND("_", A29) - 1),"") -> MUD | U29: =(E29-E28)/R29*1000 -> -0.081725892 | W29: =IFERROR(D29/V29*B29,) | Y29: 308 | Z29: 0.0013888889 | AA29: 1.68% | AB29: 397,584.00 | AC29: 360,000.00 | AF29: 7.00 | AG29: 132,528.00 | AH29: 7
A30: MUD_29 | B30: 8042 | C30: 0.059722222 | D30: {=IFERROR(INDIRECT("'renta'!G$"&MATCH(T30,renta!$A:$A,0))*0.975-(G30*INDIRECT("'renta'!G$"&MATCH(F30,renta!$A:$A,0)))/B30-IFERROR((J30*INDIRECT("'renta'!G$"&MATCH(I30,renta!$A:$A,0)))/B30,0),)} -> -0.00042824969 | E30: =IFERROR( D30/C30/24*B30*2*(1+AI30),0) -> -4.8055591 | F30: EARTH | G30: =H30*0.95 -> 22919.7 | H30: 24126,00 | L30: 100.00% | M30: 1.149 | N30: 1 | O30: STEEL | P30: 30 | R30: {=INDIRECT("'renta'!G$"&MATCH(O30,renta!$A:$A,0))*P30} -> 1110 | S30: =SUM(R$2:R30) -> 7702.475 | T30: =IFERROR(LEFT(A30, FIND("_", A30) - 1),"") -> MUD | U30: =(E30-E29)/R30*1000 -> -0.068036425 | W30: =IFERROR(D30/V30*B30,) | Y30: 312 | Z30: 0.0013888889 | AA30: 1.61% | AB30: 403,992.00 | AC30: 360,000.00 | AF30: 7.00 | AG30: 134,664.00 | AH30: 7
... A43: MUD_42 | B43: 11872 | C43: 0.075 | D43: {=IFERROR(INDIRECT("'renta'!G$"&MATCH(T43,renta!$A:$A,0))*0.975-(G43*INDIRECT("'renta'!G$"&MATCH(F43,renta!$A:$A,0)))/B43-IFERROR((J43*INDIRECT("'renta'!G$"&MATCH(I43,renta!$A:$A,0)))/B43,0),)} -> -0.00042824969 | E43: =IFERROR( D43/C43/24*B43*2*(1+AI43),0) -> -5.6490893 | F43: EARTH | G43: =H43*0.95 -> 33835.2 | H43: 35616,00 | L43: 100.00% | M43: 1.696 | N43: 1 | O43: SCREWS | P43: 49 | R43: {=INDIRECT("'renta'!G$"&MATCH(O43,renta!$A:$A,0))*P43} -> 6501.4255 | S43: =SUM(R$2:R43) -> 49242.03 | T43: =IFERROR(LEFT(A43, FIND("_", A43) - 1),"") -> MUD | U43: =(E43-E42)/R43*1000 -> -0.0087057938 | W43: =IFERROR(D43/V43*B43,) | Y43: 284 | Z43: 0.0010416667 | AA43: 1.03% | AB43: 474,912.00 | AC43: 360,000.00 | AF43: 7.00 | AG43: 158,304.00 | AH43: 7
A44: MUD_43 | B44: 12159 | C44: 0.076041667 | D44: {=IFERROR(INDIRECT("'renta'!G$"&MATCH(T44,renta!$A:$A,0))*0.975-(G44*INDIRECT("'renta'!G$"&MATCH(F44,renta!$A:$A,0)))/B44-IFERROR((J44*INDIRECT("'renta'!G$"&MATCH(I44,renta!$A:$A,0)))/B44,0),)} -> -0.00042824969 | E44: =IFERROR( D44/C44/24*B44*2*(1+AI44),0) -> -5.7063978 | F44: EARTH | G44: =H44*0.95 -> 34653.15 | H44: 36477,00 | L44: 100.00% | M44: 1.737 | N44: 1 | O44: SCREWS | P44: 55 | R44: {=INDIRECT("'renta'!G$"&MATCH(O44,renta!$A:$A,0))*P44} -> 7297.5184 | S44: =SUM(R$2:R44) -> 56539.549 | T44: =IFERROR(LEFT(A44, FIND("_", A44) - 1),"") -> MUD | U44: =(E44-E43)/R44*1000 -> -0.007853155 | W44: =IFERROR(D44/V44*B44,) | Y44: 287 | Z44: 0.0010532407 | AA44: 0.01 | AB44: 479,664.00 | AC44: 360,000.00 | AF44: 7.00 | AG44: 159,888.00 | AH44: 7
A45: MUD_44 | B45: 12444 | C45: 0.077071759 | D45: {=IFERROR(INDIRECT("'renta'!G$"&MATCH(T45,renta!$A:$A,0))*0.975-(G45*INDIRECT("'renta'!G$"&MATCH(F45,renta!$A:$A,0)))/B45-IFERROR((J45*INDIRECT("'renta'!G$"&MATCH(I45,renta!$A:$A,0)))/B45,0),)} -> -0.00042824969 | E45: =IFERROR( D45/C45/24*B45*2*(1+AI45),0) -> -5.7620967 | F45: EARTH | G45: =H45*0.95 -> 35465.4 | H45: 37332,00 | L45: 100.00% | M45: 1.778 | N45: 1 | O45: SCREWS | P45: 62 | R45: {=INDIRECT("'renta'!G$"&MATCH(O45,renta!$A:$A,0))*P45} -> 8226.2935 | S45: =SUM(R$2:R45) -> 64765.842 | T45: =IFERROR(LEFT(A45, FIND("_", A45) - 1),"") -> MUD | U45: =(E45-E44)/R45*1000 -> -0.0067708377 | W45: =IFERROR(D45/V45*B45,) | Y45: 285 | Z45: 0.0010300926 | AA45: 0.98% | AB45: 484,344.00 | AC45: 360,000.00 | AF45: 7.00 | AG45: 161,448.00 | AH45: 7
A46: MUD_45 | B46: 12733 | C46: 0.078125 | D46: {=IFERROR(INDIRECT("'renta'!G$"&MATCH(T46,renta!$A:$A,0))*0.975-(G46*INDIRECT("'renta'!G$"&MATCH(F46,renta!$A:$A,0)))/B46-IFERROR((J46*INDIRECT("'renta'!G$"&MATCH(I46,renta!$A:$A,0)))/B46,0),)} -> -0.00042824969 | E46: =IFERROR( D46/C46/24*B46*2*(1+AI46),0) -> -5.8164302 | F46: EARTH | G46: =H46*0.95 -> 36289.05 | H46: 38199,00 | L46: 100.00% | M46: 1.819 | N46: 1 | O46: SCREWS | P46: 69 | R46: {=INDIRECT("'renta'!G$"&MATCH(O46,renta!$A:$A,0))*P46} -> 9155.0686 | S46: =SUM(R$2:R46) -> 73920.911 | T46: =IFERROR(LEFT(A46, FIND("_", A46) - 1),"") -> MUD | U46: =(E46-E45)/R46*1000 -> -0.0059348005 | W46: =IFERROR(D46/V46*B46,) | Y46: 289 | Z46: 0.0010416667 | AA46: 0.95% | AB46: 488,952.00 | AC46: 360,000.00 | AF46: 7.00 | AG46: 162,984.00 | AH46: 7
A47: MUD_46 | B47: 13023 | C47: 0.079166667 | D47: {=IFERROR(INDIRECT("'renta'!G$"&MATCH(T47,renta!$A:$A,0))*0.975-(G47*INDIRECT("'renta'!G$"&MATCH(F47,renta!$A:$A,0)))/B47-IFERROR((J47*INDIRECT("'renta'!G$"&MATCH(I47,renta!$A:$A,0)))/B47,0),)} -> -0.00042824969 | E47: =IFERROR( D47/C47/24*B47*2*(1+AI47),0) -> -5.8706271 | F47: EARTH | G47: =H47*0.95 -> 37115.55 | H47: 39069,00 | L47: 100.00% | M47: 1.861 | N47: 1 | O47: SCREWS | P47: 78 | R47: {=INDIRECT("'renta'!G$"&MATCH(O47,renta!$A:$A,0))*P47} -> 10349.208 | S47: =SUM(R$2:R47) -> 84270.119 | T47: =IFERROR(LEFT(A47, FIND("_", A47) - 1),"") -> MUD | U47: =(E47-E46)/R47*1000 -> -0.005236814 | W47: =IFERROR(D47/V47*B47,) | Y47: 290 | Z47: 0.0010416667 | AA47: 0.93% | AB47: 493,488.00 | AC47: 360,000.00 | AF47: 7.00 | AG47: 164,496.00 | AH47: 7
A48: MUD_47 | B48: 13314 | C48: 0.080208333 | D48: {=IFERROR(INDIRECT("'renta'!G$"&MATCH(T48,renta!$A:$A,0))*0.975-(G48*INDIRECT("'renta'!G$"&MATCH(F48,renta!$A:$A,0)))/B48-IFERROR((J48*INDIRECT("'renta'!G$"&MATCH(I48,renta!$A:$A,0)))/B48,0),)} -> -0.00042824969 | E48: =IFERROR( D48/C48/24*B48*2*(1+AI48),0) -> -5.9238612 | F48: EARTH | G48: =H48*0.95 -> 37944.9 | H48: 39942,00 | L48: 100.00% | M48: 1.902 | N48: 1 | O48: SCREWS | P48: 87 | R48: {=INDIRECT("'renta'!G$"&MATCH(O48,renta!$A:$A,0))*P48} -> 11543.347 | S48: =SUM(R$2:R48) -> 95813.466 | T48: =IFERROR(LEFT(A48, FIND("_", A48) - 1),"") -> MUD | U48: =(E48-E47)/R48*1000 -> -0.0046116693 | W48: =IFERROR(D48/V48*B48,) | Y48: 291 | Z48: 0.0010416667 | AA48: 0.9% | AB48: 497,952.00 | AC48: 360,000.00 | AF48: 7.00 | AG48: 165,984.00 | AH48: 7
A49: MUD_48 | B49: 13605 | C49: 0.08125 | D49: {=IFERROR(INDIRECT("'renta'!G$"&MATCH(T49,renta!$A:$A,0))*0.975-(G49*INDIRECT("'renta'!G$"&MATCH(F49,renta!$A:$A,0)))/B49-IFERROR((J49*INDIRECT("'renta'!G$"&MATCH(I49,renta!$A:$A,0)))/B49,0),)} -> -0.00042824969 | E49: =IFERROR( D49/C49/24*B49*2*(1+AI49),0) -> -5.9757303 | F49: EARTH | G49: =H49*0.95 -> 38774.25 | H49: 40815,00 | L49: 100.00% | M49: 1.944 | N49: 1 | O49: SCREWS | P49: 100 | R49: {=INDIRECT("'renta'!G$"&MATCH(O49,renta!$A:$A,0))*P49} -> 13268.215 | S49: =SUM(R$2:R49) -> 109081.68 | T49: =IFERROR(LEFT(A49, FIND("_", A49) - 1),"") -> MUD | U49: =(E49-E48)/R49*1000 -> -0.0039092766 | W49: =IFERROR(D49/V49*B49,) | Y49: 291 | Z49: 0.0010416667 | AA49: 0.88% | AB49: 502,344.00 | AC49: 360,000.00 | AF49: 7.00 | AG49: 167,448.00 | AH49: 7
A50: MUD_49 | B50: 13897 | C50: 0.082291667 | D50: {=IFERROR(INDIRECT("'renta'!G$"&MATCH(T50,renta!$A:$A,0))*0.975-(G50*INDIRECT("'renta'!G$"&MATCH(F50,renta!$A:$A,0)))/B50-IFERROR((J50*INDIRECT("'renta'!G$"&MATCH(I50,renta!$A:$A,0)))/B50,0),)} -> -0.00042824969 | E50: =IFERROR( D50/C50/24*B50*2*(1+AI50),0) -> -6.02672 | F50: EARTH | G50: =H50*0.95 -> 39606.45 | H50: 41691,00 | L50: 100.00% | M50: 1.986 | N50: 1 | O50: SCREWS | P50: 120 | R50: {=INDIRECT("'renta'!G$"&MATCH(O50,renta!$A:$A,0))*P50} -> 15921.858 | S50: =SUM(R$2:R50) -> 125003.54 | T50: =IFERROR(LEFT(A50, FIND("_", A50) - 1),"") -> MUD | U50: =(E50-E49)/R50*1000 -> -0.0032024937 | W50: =IFERROR(D50/V50*B50,) | Y50: 292 | Z50: 0.0010416667 | AA50: 0.85% | AB50: 506,624.81 | AC50: 360,000.00 | AF50: 7.00 | AG50: 168,874.94 | AH50: 7
A51: MUD_50 | B51: 14192 | C51: 0.083333333 | D51: {=IFERROR(INDIRECT("'renta'!G$"&MATCH(T51,renta!$A:$A,0))*0.975-(G51*INDIRECT("'renta'!G$"&MATCH(F51,renta!$A:$A,0)))/B51-IFERROR((J51*INDIRECT("'renta'!G$"&MATCH(I51,renta!$A:$A,0)))/B51,0),)} -> -0.00042824969 | E51: =IFERROR( D51/C51/24*B51*2*(1+AI51),0) -> -6.0777196 | F51: EARTH | G51: =H51*0.95 -> 40447.2 | H51: 42576,00 | L51: 100.00% | M51: 2.028 | N51: 1 | O51: SCREWS | P51: 150 | R51: {=INDIRECT("'renta'!G$"&MATCH(O51,renta!$A:$A,0))*P51} -> 19902.323 | S51: =SUM(R$2:R51) -> 144905.86 | T51: =IFERROR(LEFT(A51, FIND("_", A51) - 1),"") -> MUD | U51: =(E51-E50)/R51*1000 -> -0.0025624978 | W51: =IFERROR(D51/V51*B51,) | Y51: 295 | Z51: 0.0010416667 | AA51: 0.85% | AB51: 510,912.00 | AC51: 360,000.00 | AF51: 7.00 | AG51: 170,304.00 | AH51: 7
D52: {=IFERROR(INDIRECT("'renta'!G$"&MATCH(T52,renta!$A:$A,0))*0.975-(G52*INDIRECT("'renta'!G$"&MATCH(F52,renta!$A:$A,0)))/B52-IFERROR((J52*INDIRECT("'renta'!G$"&MATCH(I52,renta!$A:$A,0)))/B52,0),)} | E52: =IFERROR( D52/C52/24*B52*2*(1+AI52),0) -> 0 | G52: =H52*0.95 -> 0 | T52: =IFERROR(LEFT(A52, FIND("_", A52) - 1),"") | U52: =(E52-E51)/R52*1000 -> #DIV/0! | W52: =IFERROR(D52/V52*B52,)
A53: CLAY_1 | B53: 1 | C53: 0.00034722222 | D53: {=IFERROR(INDIRECT("'renta'!G$"&MATCH(T53,renta!$A:$A,0))*0.975-(G53*INDIRECT("'renta'!G$"&MATCH(F53,renta!$A:$A,0)))/B53-IFERROR((J53*INDIRECT("'renta'!G$"&MATCH(I53,renta!$A:$A,0)))/B53,0),)} -> 0.0073188432 | E53: =IFERROR( D53/C53/24*B53*2*(1+AI53),0) -> 1.7565224 | F53: MUD | G53: =H53*0.95 -> 9.5 | H53: 10,00 | L53: 100.00% | M53: 0 | N53: 25 | O53: EARTH | P53: 1 | R53: {=INDIRECT("'renta'!G$"&MATCH(O53,renta!$A:$A,0))*P53} -> 0.0041 | S53: =SUM(R$53:R53) -> 0.0041 | T53: =IFERROR(LEFT(A53, FIND("_", A53) - 1),"") -> CLAY | U53: =(E53-E52)/R53*1000 -> 428420.09 | W53: =IFERROR(D53/V53*B53,) | Y53: 0 | Z53: 0 | AA53: 0 | AB53: 28,800.00 | AC53: 8,640.00 | AF53: 1.00 | AG53: 72,000.00
A54: CLAY_2 | B54: 2 | C54: 0.00034722222 | D54: {=IFERROR(INDIRECT("'renta'!G$"&MATCH(T54,renta!$A:$A,0))*0.975-(G54*INDIRECT("'renta'!G$"&MATCH(F54,renta!$A:$A,0)))/B54-IFERROR((J54*INDIRECT("'renta'!G$"&MATCH(I54,renta!$A:$A,0)))/B54,0),)} -> 0.0073188432 | E54: =IFERROR( D54/C54/24*B54*2*(1+AI54),0) -> 3.5130447 | F54: MUD | G54: =H54*0.95 -> 19 | H54: 20,00 | L54: 100.00% | M54: 0 | N54: 25 | O54: CLAY | P54: 1 | R54: {=INDIRECT("'renta'!G$"&MATCH(O54,renta!$A:$A,0))*P54} -> 0.12 | S54: =SUM(R$53:R54) -> 0.1241 | T54: =IFERROR(LEFT(A54, FIND("_", A54) - 1),"") -> CLAY | U54: =(E54-E53)/R54*1000 -> 14637.686 | W54: =IFERROR(D54/V54*B54,) | Y54: 1 | Z54: 0 | AA54: 1 | AB54: 57,600.00 | AC54: 33,120.00 | AF54: 2.00 | AG54: 144,000.00
A55: CLAY_3 | B55: 5 | C55: 0.00061342593 | D55: {=IFERROR(INDIRECT("'renta'!G$"&MATCH(T55,renta!$A:$A,0))*0.975-(G55*INDIRECT("'renta'!G$"&MATCH(F55,renta!$A:$A,0)))/B55-IFERROR((J55*INDIRECT("'renta'!G$"&MATCH(I55,renta!$A:$A,0)))/B55,0),)} -> 0.0073188432 | E55: =IFERROR( D55/C55/24*B55*2*(1+AI55),0) -> 4.9712897 | F55: MUD | G55: =H55*0.95 -> 47.5 | H55: 50,00 | L55: 100.00% | M55: 4 | N55: 25 | O55: SAND | P55: 1 | R55: {=INDIRECT("'renta'!G$"&MATCH(O55,renta!$A:$A,0))*P55} -> 0.31176929 | S55: =SUM(R$53:R55) -> 0.43586929 | T55: =IFERROR(LEFT(A55, FIND("_", A55) - 1),"") -> CLAY | U55: =(E55-E54)/R55*1000 -> 4677.3207 | W55: =IFERROR(D55/V55*B55,) | Y55: 3 | Z55: 0.0002662037 | AA55: 41.67% | AB55: 81,600.00 | AC55: 40,320.00 | AF55: 1.25 | AG55: 204,000.00 | AH55: 31
A56: CLAY_4 | B56: 10 | C56: 0.00099537037 | D56: {=IFERROR(INDIRECT("'renta'!G$"&MATCH(T56,renta!$A:$A,0))*0.975-(G56*INDIRECT("'renta'!G$"&MATCH(F56,renta!$A:$A,0)))/B56-IFERROR((J56*INDIRECT("'renta'!G$"&MATCH(I56,renta!$A:$A,0)))/B56,0),)} -> 0.0073188432 | E56: =IFERROR( D56/C56/24*B56*2*(1+AI56),0) -> 6.1274036 | F56: MUD | G56: =H56*0.95 -> 95 | H56: 100,00 | L56: 100.00% | M56: 8 | N56: 25 | O56: SAND | P56: 6 | R56: {=INDIRECT("'renta'!G$"&MATCH(O56,renta!$A:$A,0))*P56} -> 1.8706158 | S56: =SUM(R$53:R56) -> 2.3064851 | T56: =IFERROR(LEFT(A56, FIND("_", A56) - 1),"") -> CLAY | U56: =(E56-E55)/R56*1000 -> 618.03921 | W56: =IFERROR(D56/V56*B56,) | Y56: 5 | Z56: 0.00038194444 | AA56: 23.53% | AB56: 100,800.00 | AC56: 53,280.00 | AF56: 1.25 | AG56: 252,000.00 | AH56: 31
A57: CLAY_5 | B57: 40 | C57: 0.0034722222 | D57: {=IFERROR(INDIRECT("'renta'!G$"&MATCH(T57,renta!$A:$A,0))*0.975-(G57*INDIRECT("'renta'!G$"&MATCH(F57,renta!$A:$A,0)))/B57-IFERROR((J57*INDIRECT("'renta'!G$"&MATCH(I57,renta!$A:$A,0)))/B57,0),)} -> 0.0073188432 | E57: =IFERROR( D57/C57/24*B57*2*(1+AI57),0) -> 7.0260894 | F57: MUD | G57: =H57*0.95 -> 380 | H57: 400,00 | L57: 100.00% | M57: 32 | N57: 25 | O57: SAND | P57: 9 | R57: {=INDIRECT("'renta'!G$"&MATCH(O57,renta!$A:$A,0))*P57} -> 2.8059237 | S57: =SUM(R$53:R57) -> 5.1124087 | T57: =IFERROR(LEFT(A57, FIND("_", A57) - 1),"") -> CLAY | U57: =(E57-E56)/R57*1000 -> 320.28165 | W57: =IFERROR(D57/V57*B57,) | Y57: 30 | Z57: 0.0024768519 | AA57: 14.29% | AB57: 115,200.00 | AC57: 59,280.00 | AF57: 1.25 | AG57: 288,000.00 | AH57: 31
A58: CLAY_6 | B58: 100 | C58: 0.0077893519 | D58: {=IFERROR(INDIRECT("'renta'!G$"&MATCH(T58,renta!$A:$A,0))*0.975-(G58*INDIRECT("'renta'!G$"&MATCH(F58,renta!$A:$A,0)))/B58-IFERROR((J58*INDIRECT("'renta'!G$"&MATCH(I58,renta!$A:$A,0)))/B58,0),)} -> 0.0073188432 | E58: =IFERROR( D58/C58/24*B58*2*(1+AI58),0) -> 7.8299659 | F58: MUD | G58: =H58*0.95 -> 950 | H58: 1000,00 | L58: 100.00% | M58: 80 | N58: 25 | O58: SAND | P58: 13 | R58: {=INDIRECT("'renta'!G$"&MATCH(O58,renta!$A:$A,0))*P58} -> 4.0530008 | S58: =SUM(R$53:R58) -> 9.1654095 | T58: =IFERROR(LEFT(A58, FIND("_", A58) - 1),"") -> CLAY | U58: =(E58-E57)/R58*1000 -> 198.34107 | W58: =IFERROR(D58/V58*B58,) | Y58: 60 | Z58: 0.0043171296 | AA58: 11.46% | AB58: 128,400.00 | AC58: 59,280.00 | AF58: 1.25 | AG58: 321,000.00 | AH58: 31
A59: CLAY_7 | B59: 200 | C59: 0.014247685 | D59: {=IFERROR(INDIRECT("'renta'!G$"&MATCH(T59,renta!$A:$A,0))*0.975-(G59*INDIRECT("'renta'!G$"&MATCH(F59,renta!$A:$A,0)))/B59-IFERROR((J59*INDIRECT("'renta'!G$"&MATCH(I59,renta!$A:$A,0)))/B59,0),)} -> 0.0073188432 | E59: =IFERROR( D59/C59/24*B59*2*(1+AI59),0) -> 8.5614412 | F59: MUD | G59: =H59*0.95 -> 1900 | H59: 2000,00 | L59: 100.00% | M59: 160 | N59: 25 | O59: SAND | P59: 19 | R59: {=INDIRECT("'renta'!G$"&MATCH(O59,renta!$A:$A,0))*P59} -> 5.9236166 | S59: =SUM(R$53:R59) -> 15.089026 | T59: =IFERROR(LEFT(A59, FIND("_", A59) - 1),"") -> CLAY | U59: =(E59-E58)/R59*1000 -> 123.48458 | W59: =IFERROR(D59/V59*B59,) | Y59: 100 | Z59: 0.0064583333 | AA59: 9.35% | AB59: 140,400.00 | AC59: 59,280.00 | AF59: 1.25 | AG59: 351,000.00 | AH59: 31
A60: CLAY_8 | B60: 315 | C60: 0.020833333 | D60: {=IFERROR(INDIRECT("'renta'!G$"&MATCH(T60,renta!$A:$A,0))*0.975-(G60*INDIRECT("'renta'!G$"&MATCH(F60,renta!$A:$A,0)))/B60-IFERROR((J60*INDIRECT("'renta'!G$"&MATCH(I60,renta!$A:$A,0)))/B60,0),)} -> 0.0073188432 | E60: =IFERROR( D60/C60/24*B60*2*(1+AI60),0) -> 9.2217424 | F60: MUD | G60: =H60*0.95 -> 2992.5 | H60: 3150,00 | L60: 100.00% | M60: 252 | N60: 25 | O60: SAND | P60: 28 | R60: {=INDIRECT("'renta'!G$"&MATCH(O60,renta!$A:$A,0))*P60} -> 8.7295403 | S60: =SUM(R$53:R60) -> 23.818566 | T60: =IFERROR(LEFT(A60, FIND("_", A60) - 1),"") -> CLAY | U60: =(E60-E59)/R60*1000 -> 75.639855 | W60: =IFERROR(D60/V60*B60,) | Y60: 115 | Z60: 0.0065856481 | AA60: 7.69% | AB60: 151,200.00 | AC60: 65,040.00 | AF60: 1.25 | AG60: 378,000.00 | AH60: 31
A61: CLAY_9 | B61: 448 | C61: 0.027777778 | D61: {=IFERROR(INDIRECT("'renta'!G$"&MATCH(T61,renta!$A:$A,0))*0.975-(G61*INDIRECT("'renta'!G$"&MATCH(F61,renta!$A:$A,0)))/B61-IFERROR((J61*INDIRECT("'renta'!G$"&MATCH(I61,renta!$A:$A,0)))/B61,0),)} -> 0.0073188432 | E61: =IFERROR( D61/C61/24*B61*2*(1+AI61),0) -> 9.8365252 | F61: MUD | G61: =H61*0.95 -> 4256 | H61: 4480,00 | L61: 100.00% | M61: 359 | N61: 25 | O61: COPPER | P61: 1 | R61: {=INDIRECT("'renta'!G$"&MATCH(O61,renta!$A:$A,0))*P61} -> 8.33 | S61: =SUM(R$53:R61) -> 32.148566 | T61: =IFERROR(LEFT(A61, FIND("_", A61) - 1),"") -> CLAY | U61: =(E61-E60)/R61*1000 -> 73.80346 | W61: =IFERROR(D61/V61*B61,) | Y61: 133 | Z61: 0.0069444444 | AA61: 6.67% | AB61: 161,280.00 | AC61: 65,040.00 | AF61: 1.25 | AG61: 403,200.00 | AH61: 31
A62: CLAY_10 | B62: 652 | C62: 0.038206019 | D62: {=IFERROR(INDIRECT("'renta'!G$"&MATCH(T62,renta!$A:$A,0))*0.975-(G62*INDIRECT("'renta'!G$"&MATCH(F62,renta!$A:$A,0)))/B62-IFERROR((J62*INDIRECT("'renta'!G$"&MATCH(I62,renta!$A:$A,0)))/B62,0),)} -> 0.0073188432 | E62: =IFERROR( D62/C62/24*B62*2*(1+AI62),0) -> 10.408233 | F62: MUD | G62: =H62*0.95 -> 6194 | H62: 6520,00 | L62: 100.00% | M62: 522 | N62: 25 | O62: COPPER | P62: 2 | R62: {=INDIRECT("'renta'!G$"&MATCH(O62,renta!$A:$A,0))*P62} -> 16.66 | S62: =SUM(R$53:R62) -> 48.808566 | T62: =IFERROR(LEFT(A62, FIND("_", A62) - 1),"") -> CLAY | U62: =(E62-E61)/R62*1000 -> 34.316198 | W62: =IFERROR(D62/V62*B62,) | Y62: 204 | Z62: 0.010428241 | AA62: 5.8% | AB62: 170,640.00 | AC62: 75,840.00 | AF62: 1.25 | AG62: 426,600.00 | AH62: 31
A63: CLAY_11 | B63: 810 | C63: 0.045185185 | D63: {=IFERROR(INDIRECT("'renta'!G$"&MATCH(T63,renta!$A:$A,0))*0.975-(G63*INDIRECT("'renta'!G$"&MATCH(F63,renta!$A:$A,0)))/B63-IFERROR((J63*INDIRECT("'renta'!G$"&MATCH(I63,renta!$A:$A,0)))/B63,0),)} -> 0.0073188432 | E63: =IFERROR( D63/C63/24*B63*2*(1+AI63),0) -> 10.933272 | F63: MUD | G63: =H63*0.95 -> 7695 | H63: 8100,00 | L63: 100.00% | M63: 648 | N63: 25 | O63: COPPER | P63: 3 | R63: {=INDIRECT("'renta'!G$"&MATCH(O63,renta!$A:$A,0))*P63} -> 24.99 | S63: =SUM(R$53:R63) -> 73.798566 | T63: =IFERROR(LEFT(A63, FIND("_", A63) - 1),"") -> CLAY | U63: =(E63-E62)/R63*1000 -> 21.009956 | W63: =IFERROR(D63/V63*B63,) | Y63: 158 | Z63: 0.0069675926 | AA63: 5.06% | AB63: 179,280.00 | AC63: 80,880.00 | AF63: 1.25 | AG63: 448,200.00 | AH63: 31
A64: CLAY_12 | B64: 975 | C64: 0.052083333 | D64: {=IFERROR(INDIRECT("'renta'!G$"&MATCH(T64,renta!$A:$A,0))*0.975-(G64*INDIRECT("'renta'!G$"&MATCH(F64,renta!$A:$A,0)))/B64-IFERROR((J64*INDIRECT("'renta'!G$"&MATCH(I64,renta!$A:$A,0)))/B64,0),)} -> 0.0073188432 | E64: =IFERROR( D64/C64/24*B64*2*(1+AI64),0) -> 11.417395 | F64: MUD | G64: =H64*0.95 -> 9262.5 | H64: 9750,00 | L64: 100.00% | M64: 780 | N64: 25 | O64: COPPER | P64: 5 | R64: {=INDIRECT("'renta'!G$"&MATCH(O64,renta!$A:$A,0))*P64} -> 41.65 | S64: =SUM(R$53:R64) -> 115.44857 | T64: =IFERROR(LEFT(A64, FIND("_", A64) - 1),"") -> CLAY | U64: =(E64-E63)/R64*1000 -> 11.623613 | W64: =IFERROR(D64/V64*B64,) | Y64: 165 | Z64: 0.0068981481 | AA64: 4.42% | AB64: 187,200.00 | AC64: 85,680.00 | AF64: 1.25 | AG64: 468,000.00 | AH64: 31
A65: CLAY_13 | B65: 1148 | C65: 0.059050926 | D65: {=IFERROR(INDIRECT("'renta'!G$"&MATCH(T65,renta!$A:$A,0))*0.975-(G65*INDIRECT("'renta'!G$"&MATCH(F65,renta!$A:$A,0)))/B65-IFERROR((J65*INDIRECT("'renta'!G$"&MATCH(I65,renta!$A:$A,0)))/B65,0),)} -> 0.0073188432 | E65: =IFERROR( D65/C65/24*B65*2*(1+AI65),0) -> 11.857042 | F65: MUD | G65: =H65*0.95 -> 10906 | H65: 11480,00 | L65: 100.00% | M65: 919 | N65: 25 | O65: COPPER | P65: 9 | R65: {=INDIRECT("'renta'!G$"&MATCH(O65,renta!$A:$A,0))*P65} -> 74.97 | S65: =SUM(R$53:R65) -> 190.41857 | T65: =IFERROR(LEFT(A65, FIND("_", A65) - 1),"") -> CLAY | U65: =(E65-E64)/R65*1000 -> 5.8643059 | V65: 0.919 | W65: =IFERROR(D65/V65*B65,) -> 9.142581 | Y65: 173 | Z65: 0.0069675926 | AA65: 3.85% | AB65: 194,400.00 | AC65: 94,560.00 | AF65: 1.25 | AG65: 486,000.00 | AH65: 31
A66: CLAY_14 | B66: 1326 | C66: 0.065925926 | D66: {=IFERROR(INDIRECT("'renta'!G$"&MATCH(T66,renta!$A:$A,0))*0.975-(G66*INDIRECT("'renta'!G$"&MATCH(F66,renta!$A:$A,0)))/B66-IFERROR((J66*INDIRECT("'renta'!G$"&MATCH(I66,renta!$A:$A,0)))/B66,0),)} -> 0.0073188432 | E66: =IFERROR( D66/C66/24*B66*2*(1+AI66),0) -> 12.267286 | F66: MUD | G66: =H66*0.95 -> 12597 | H66: 13260,00 | L66: 100.00% | M66: 1.061 | N66: 25 | O66: COPPER | P66: 14 | R66: {=INDIRECT("'renta'!G$"&MATCH(O66,renta!$A:$A,0))*P66} -> 116.62 | S66: =SUM(R$53:R66) -> 307.03857 | T66: =IFERROR(LEFT(A66, FIND("_", A66) - 1),"") -> CLAY | U66: =(E66-E65)/R66*1000 -> 3.5177789 | V66: 1.01 | W66: =IFERROR(D66/V66*B66,) -> 9.608699 | Y66: 178 | Z66: 0.006875 | AA66: 3.46% | AB66: 201,120.00 | AC66: 98,640.00 | AF66: 1.25 | AG66: 502,800.00 | AH66: 31
A67: CLAY_15 | B67: 1512 | C67: 0.072916667 | D67: {=IFERROR(INDIRECT("'renta'!G$"&MATCH(T67,renta!$A:$A,0))*0.975-(G67*INDIRECT("'renta'!G$"&MATCH(F67,renta!$A:$A,0)))/B67-IFERROR((J67*INDIRECT("'renta'!G$"&MATCH(I67,renta!$A:$A,0)))/B67,0),)} -> 0.0073188432 | E67: =IFERROR( D67/C67/24*B67*2*(1+AI67),0) -> 12.646961 | F67: MUD | G67: =H67*0.95 -> 14364 | H67: 15120,00 | L67: 100.00% | M67: 1.21 | N67: 25 | O67: COPPER | P67: 19 | R67: {=INDIRECT("'renta'!G$"&MATCH(O67,renta!$A:$A,0))*P67} -> 158.27 | S67: =SUM(R$53:R67) -> 465.30857 | T67: =IFERROR(LEFT(A67, FIND("_", A67) - 1),"") -> CLAY | U67: =(E67-E66)/R67*1000 -> 2.3989086 | W67: =IFERROR(D67/V67*B67,) | Y67: 186 | Z67: 0.0069907407 | AA67: 3.1% | AB67: 207,360.00 | AC67: 102,480.00 | AF67: 1.25 | AG67: 518,400.00 | AH67: 31
A68: CLAY_16 | B68: 1702 | C68: 0.079861111 | D68: {=IFERROR(INDIRECT("'renta'!G$"&MATCH(T68,renta!$A:$A,0))*0.975-(G68*INDIRECT("'renta'!G$"&MATCH(F68,renta!$A:$A,0)))/B68-IFERROR((J68*INDIRECT("'renta'!G$"&MATCH(I68,renta!$A:$A,0)))/B68,0),)} -> 0.0073188432 | E68: =IFERROR( D68/C68/24*B68*2*(1+AI68),0) -> 12.998265 | F68: MUD | G68: =H68*0.95 -> 16169 | H68: 17020,00 | L68: 100.00% | M68: 1.362 | N68: 25 | O68: COPPER | P68: 26 | R68: {=INDIRECT("'renta'!G$"&MATCH(O68,renta!$A:$A,0))*P68} -> 216.58 | S68: =SUM(R$53:R68) -> 681.88857 | T68: =IFERROR(LEFT(A68, FIND("_", A68) - 1),"") -> CLAY | U68: =(E68-E67)/R68*1000 -> 1.6220541 | V68: 1.37 | W68: =IFERROR(D68/V68*B68,) -> 9.0924606 | Y68: 190 | Z68: 0.0069444444 | AA68: 2.78% | AB68: 213,120.00 | AC68: 106,065.00 | AF68: 1.25 | AG68: 532,800.00 | AH68: 31
A69: CLAY_17 | B69: 1880 | C69: 0.086076389 | D69: {=IFERROR(INDIRECT("'renta'!G$"&MATCH(T69,renta!$A:$A,0))*0.975-(G69*INDIRECT("'renta'!G$"&MATCH(F69,renta!$A:$A,0)))/B69-IFERROR((J69*INDIRECT("'renta'!G$"&MATCH(I69,renta!$A:$A,0)))/B69,0),)} -> 0.0073188432 | E69: =IFERROR( D69/C69/24*B69*2*(1+AI69),0) -> 13.320944 | F69: MUD | G69: =H69*0.95 -> 17860 | H69: 18800,00 | L69: 100.00% | M69: 1.504 | N69: 25 | O69: COPPER | P69: 33 | R69: {=INDIRECT("'renta'!G$"&MATCH(O69,renta!$A:$A,0))*P69} -> 274.89 | S69: =SUM(R$53:R69) -> 956.77857 | T69: =IFERROR(LEFT(A69, FIND("_", A69) - 1),"") -> CLAY | U69: =(E69-E68)/R69*1000 -> 1.1738463 | W69: =IFERROR(D69/V69*B69,) | Y69: 178 | Z69: 0.0062152778 | AA69: 2.48% | AB69: 218,400.00 | AC69: 109,440.00 | AF69: 1.25 | AG69: 546,000.00 | AH69: 31
A70: CLAY_18 | B70: 2053 | C70: 0.091979167 | D70: {=IFERROR(INDIRECT("'renta'!G$"&MATCH(T70,renta!$A:$A,0))*0.975-(G70*INDIRECT("'renta'!G$"&MATCH(F70,renta!$A:$A,0)))/B70-IFERROR((J70*INDIRECT("'renta'!G$"&MATCH(I70,renta!$A:$A,0)))/B70,0),)} -> 0.0073188432 | E70: =IFERROR( D70/C70/24*B70*2*(1+AI70),0) -> 13.613214 | F70: MUD | G70: =H70*0.95 -> 19503.5 | H70: 20530,00 | L70: 100.00% | M70: 1.643 | N70: 25 | O70: COPPER | P70: 42 | R70: {=INDIRECT("'renta'!G$"&MATCH(O70,renta!$A:$A,0))*P70} -> 349.86 | S70: =SUM(R$53:R70) -> 1306.6386 | T70: =IFERROR(LEFT(A70, FIND("_", A70) - 1),"") -> CLAY | U70: =(E70-E69)/R70*1000 -> 0.83539126 | W70: =IFERROR(D70/V70*B70,) | Y70: 173 | Z70: 0.0059027778 | AA70: 2.2% | AB70: 223,200.00 | AC70: 115,440.00 | AF70: 1.25 | AG70: 558,000.00 | AH70: 31
A71: CLAY_19 | B71: 2207 | C71: 0.096898148 | D71: {=IFERROR(INDIRECT("'renta'!G$"&MATCH(T71,renta!$A:$A,0))*0.975-(G71*INDIRECT("'renta'!G$"&MATCH(F71,renta!$A:$A,0)))/B71-IFERROR((J71*INDIRECT("'renta'!G$"&MATCH(I71,renta!$A:$A,0)))/B71,0),)} -> 0.0073188432 | E71: =IFERROR( D71/C71/24*B71*2*(1+AI71),0) -> 13.891465 | F71: MUD | G71: =H71*0.95 -> 20966.5 | H71: 22070,00 | L71: 100.00% | M71: 1.766 | N71: 25 | O71: COPPER | P71: 52 | R71: {=INDIRECT("'renta'!G$"&MATCH(O71,renta!$A:$A,0))*P71} -> 433.16 | S71: =SUM(R$53:R71) -> 1739.7986 | T71: =IFERROR(LEFT(A71, FIND("_", A71) - 1),"") -> CLAY | U71: =(E71-E70)/R71*1000 -> 0.64237463 | W71: =IFERROR(D71/V71*B71,) | Y71: 154 | Z71: 0.0049189815 | AA71: 2.04% | AB71: 227,760.00 | AC71: 118,200.00 | AF71: 1.25 | AG71: 569,400.00 | AH71: 31
A72: CLAY_20 | B72: 2353 | C72: 0.10138889 | D72: {=IFERROR(INDIRECT("'renta'!G$"&MATCH(T72,renta!$A:$A,0))*0.975-(G72*INDIRECT("'renta'!G$"&MATCH(F72,renta!$A:$A,0)))/B72-IFERROR((J72*INDIRECT("'renta'!G$"&MATCH(I72,renta!$A:$A,0)))/B72,0),)} -> 0.0073188432 | E72: =IFERROR( D72/C72/24*B72*2*(1+AI72),0) -> 14.154442 | F72: MUD | G72: =H72*0.95 -> 22353.5 | H72: 23530,00 | L72: 100.00% | M72: 1.883 | N72: 25 | O72: STEEL | P72: 13 | R72: {=INDIRECT("'renta'!G$"&MATCH(O72,renta!$A:$A,0))*P72} -> 481 | S72: =SUM(R$53:R72) -> 2220.7986 | T72: =IFERROR(LEFT(A72, FIND("_", A72) - 1),"") -> CLAY | U72: =(E72-E71)/R72*1000 -> 0.54672996 | W72: =IFERROR(D72/V72*B72,) | Y72: 146 | Z72: 0.0044907407 | AA72: 1.9% | AB72: 232,080.00 | AC72: 120,840.00 | AF72: 1.25 | AG72: 580,200.00 | AH72: 31
A73: CLAY_21 | B73: 2510 | C73: 0.10628472 | D73: {=IFERROR(INDIRECT("'renta'!G$"&MATCH(T73,renta!$A:$A,0))*0.975-(G73*INDIRECT("'renta'!G$"&MATCH(F73,renta!$A:$A,0)))/B73-IFERROR((J73*INDIRECT("'renta'!G$"&MATCH(I73,renta!$A:$A,0)))/B73,0),)} -> 0.0073188432 | E73: =IFERROR( D73/C73/24*B73*2*(1+AI73),0) -> 14.403369 | F73: MUD | G73: =H73*0.95 -> 23845 | H73: 25100,00 | L73: 100.00% | M73: 2.008 | N73: 25 | O73: STEEL | P73: 15 | R73: {=INDIRECT("'renta'!G$"&MATCH(O73,renta!$A:$A,0))*P73} -> 555 | S73: =SUM(R$53:R73) -> 2775.7986 | T73: =IFERROR(LEFT(A73, FIND("_", A73) - 1),"") -> CLAY | U73: =(E73-E72)/R73*1000 -> 0.44851606 | W73: =IFERROR(D73/V73*B73,) | Y73: 157 | Z73: 0.0048958333 | AA73: 1.76% | AB73: 236,160.00 | AC73: 123,360.00 | AF73: 1.25 | AG73: 590,400.00 | AH73: 31
A74: CLAY_22 | B74: 2660 | C74: 0.11083333 | D74: {=IFERROR(INDIRECT("'renta'!G$"&MATCH(T74,renta!$A:$A,0))*0.975-(G74*INDIRECT("'renta'!G$"&MATCH(F74,renta!$A:$A,0)))/B74-IFERROR((J74*INDIRECT("'renta'!G$"&MATCH(I74,renta!$A:$A,0)))/B74,0),)} -> 0.0073188432 | E74: =IFERROR( D74/C74/24*B74*2*(1+AI74),0) -> 14.637686 | F74: MUD | G74: =H74*0.95 -> 25270 | H74: 26600,00 | L74: 100.00% | M74: 2.128 | N74: 25 | O74: STEEL | P74: 19 | R74: {=INDIRECT("'renta'!G$"&MATCH(O74,renta!$A:$A,0))*P74} -> 703 | S74: =SUM(R$53:R74) -> 3478.7986 | T74: =IFERROR(LEFT(A74, FIND("_", A74) - 1),"") -> CLAY | U74: =(E74-E73)/R74*1000 -> 0.33331117 | W74: =IFERROR(D74/V74*B74,) | Y74: 150 | Z74: 0.0045486111 | AA74: 1.63% | AB74: 240,000.00 | AC74: 128,088.00 | AF74: 1.25 | AG74: 600,000.00 | AH74: 31
A75: CLAY_23 | B75: 2800 | C75: 0.11494213 | D75: {=IFERROR(INDIRECT("'renta'!G$"&MATCH(T75,renta!$A:$A,0))*0.975-(G75*INDIRECT("'renta'!G$"&MATCH(F75,renta!$A:$A,0)))/B75-IFERROR((J75*INDIRECT("'renta'!G$"&MATCH(I75,renta!$A:$A,0)))/B75,0),)} -> 0.0073188432 | E75: =IFERROR( D75/C75/24*B75*2*(1+AI75),0) -> 14.857303 | F75: MUD | G75: =H75*0.95 -> 26600 | H75: 28000,00 | L75: 100.00% | M75: 2.24 | N75: 25 | O75: STEEL | P75: 22 | R75: {=INDIRECT("'renta'!G$"&MATCH(O75,renta!$A:$A,0))*P75} -> 814 | S75: =SUM(R$53:R75) -> 4292.7986 | T75: =IFERROR(LEFT(A75, FIND("_", A75) - 1),"") -> CLAY | U75: =(E75-E74)/R75*1000 -> 0.26979961 | W75: =IFERROR(D75/V75*B75,) | Y75: 140 | Z75: 0.0041087963 | AA75: 1.5% | AB75: 243,600.00 | AC75: 130,344.00 | AF75: 1.25 | AG75: 609,000.00 | AH75: 31
A76: CLAY_24 | B76: 2940 | C76: 0.11899306 | D76: {=IFERROR(INDIRECT("'renta'!G$"&MATCH(T76,renta!$A:$A,0))*0.975-(G76*INDIRECT("'renta'!G$"&MATCH(F76,renta!$A:$A,0)))/B76-IFERROR((J76*INDIRECT("'renta'!G$"&MATCH(I76,renta!$A:$A,0)))/B76,0),)} -> 0.0073188432 | E76: =IFERROR( D76/C76/24*B76*2*(1+AI76),0) -> 15.069086 | F76: MUD | G76: =H76*0.95 -> 27930 | H76: 29400,00 | L76: 100.00% | M76: 2.352 | N76: 25 | O76: STEEL | P76: 27 | R76: {=INDIRECT("'renta'!G$"&MATCH(O76,renta!$A:$A,0))*P76} -> 999 | S76: =SUM(R$53:R76) -> 5291.7986 | T76: =IFERROR(LEFT(A76, FIND("_", A76) - 1),"") -> CLAY | U76: =(E76-E75)/R76*1000 -> 0.21199468 | W76: =IFERROR(D76/V76*B76,) | Y76: 140 | Z76: 0.0040509259 | AA76: 1.43% | AB76: 247,080.00 | AC76: 132,528.00 | AF76: 1.25 | AG76: 617,700.00 | AH76: 31
A77: CLAY_25 | B77: 3075 | C77: 0.12278935 | D77: {=IFERROR(INDIRECT("'renta'!G$"&MATCH(T77,renta!$A:$A,0))*0.975-(G77*INDIRECT("'renta'!G$"&MATCH(F77,renta!$A:$A,0)))/B77-IFERROR((J77*INDIRECT("'renta'!G$"&MATCH(I77,renta!$A:$A,0)))/B77,0),)} -> 0.0073188432 | E77: =IFERROR( D77/C77/24*B77*2*(1+AI77),0) -> 15.273748 | F77: MUD | G77: =H77*0.95 -> 29212.5 | H77: 30750,00 | L77: 100.00% | M77: 2.46 | N77: 25 | O77: STEEL | P77: 32 | R77: {=INDIRECT("'renta'!G$"&MATCH(O77,renta!$A:$A,0))*P77} -> 1184 | S77: =SUM(R$53:R77) -> 6475.7986 | T77: =IFERROR(LEFT(A77, FIND("_", A77) - 1),"") -> CLAY | U77: =(E77-E76)/R77*1000 -> 0.17285612 | W77: =IFERROR(D77/V77*B77,) | Y77: 135 | Z77: 0.0037962963 | AA77: 1.36% | AB77: 250,440.00 | AC77: 136,752.00 | AF77: 1.25 | AG77: 626,100.00 | AH77: 31
A78: CLAY_26 | B78: 3205 | C78: 0.12634259 | D78: {=IFERROR(INDIRECT("'renta'!G$"&MATCH(T78,renta!$A:$A,0))*0.975-(G78*INDIRECT("'renta'!G$"&MATCH(F78,renta!$A:$A,0)))/B78-IFERROR((J78*INDIRECT("'renta'!G$"&MATCH(I78,renta!$A:$A,0)))/B78,0),)} -> 0.0073188432 | E78: =IFERROR( D78/C78/24*B78*2*(1+AI78),0) -> 15.47175 | F78: MUD | G78: =H78*0.95 -> 30447.5 | H78: 32050,00 | L78: 100.00% | M78: 2.564 | N78: 25 | O78: STEEL | P78: 37 | R78: {=INDIRECT("'renta'!G$"&MATCH(O78,renta!$A:$A,0))*P78} -> 1369 | S78: =SUM(R$53:R78) -> 7844.7986 | T78: =IFERROR(LEFT(A78, FIND("_", A78) - 1),"") -> CLAY | U78: =(E78-E77)/R78*1000 -> 0.14463304 | W78: =IFERROR(D78/V78*B78,) | Y78: 130 | Z78: 0.0035532407 | AA78: 1.29% | AB78: 253,680.00 | AC78: 138,792.00 | AF78: 1.25 | AG78: 634,200.00 | AH78: 31
A79: CLAY_27 | B79: 3335 | C79: 0.12987269 | D79: {=IFERROR(INDIRECT("'renta'!G$"&MATCH(T79,renta!$A:$A,0))*0.975-(G79*INDIRECT("'renta'!G$"&MATCH(F79,renta!$A:$A,0)))/B79-IFERROR((J79*INDIRECT("'renta'!G$"&MATCH(I79,renta!$A:$A,0)))/B79,0),)} -> 0.0073188432 | E79: =IFERROR( D79/C79/24*B79*2*(1+AI79),0) -> 15.661711 | F79: MUD | G79: =H79*0.95 -> 31682.5 | H79: 33350,00 | L79: 100.00% | M79: 2.668 | N79: 25 | O79: STEEL | P79: 44 | R79: {=INDIRECT("'renta'!G$"&MATCH(O79,renta!$A:$A,0))*P79} -> 1628 | S79: =SUM(R$53:R79) -> 9472.7986 | T79: =IFERROR(LEFT(A79, FIND("_", A79) - 1),"") -> CLAY | U79: =(E79-E78)/R79*1000 -> 0.11668372 | W79: =IFERROR(D79/V79*B79,) | Y79: 130 | Z79: 0.0035300926 | AA79: 1.23% | AB79: 256,800.00 | AC79: 140,784.00 | AF79: 1.25 | AG79: 642,000.00 | AH79: 31
A80: CLAY_28 | B80: 3460 | C80: 0.13318287 | D80: {=IFERROR(INDIRECT("'renta'!G$"&MATCH(T80,renta!$A:$A,0))*0.975-(G80*INDIRECT("'renta'!G$"&MATCH(F80,renta!$A:$A,0)))/B80-IFERROR((J80*INDIRECT("'renta'!G$"&MATCH(I80,renta!$A:$A,0)))/B80,0),)} -> 0.0073188432 | E80: =IFERROR( D80/C80/24*B80*2*(1+AI80),0) -> 15.844879 | F80: MUD | G80: =H80*0.95 -> 32870 | H80: 34600,00 | L80: 100.00% | M80: 2.768 | N80: 25 | O80: STEEL | P80: 52 | R80: {=INDIRECT("'renta'!G$"&MATCH(O80,renta!$A:$A,0))*P80} -> 1924 | S80: =SUM(R$53:R80) -> 11396.799 | T80: =IFERROR(LEFT(A80, FIND("_", A80) - 1),"") -> CLAY | U80: =(E80-E79)/R80*1000 -> 0.095201449 | W80: =IFERROR(D80/V80*B80,) | Y80: 125 | Z80: 0.0033101852 | AA80: 1.17% | AB80: 259,800.00 | AC80: 142,728.00 | AF80: 1.25 | AG80: 649,500.00 | AH80: 31
... A92: CLAY_40 | B92: 4775 | C92: 0.16666667 | D92: {=IFERROR(INDIRECT("'renta'!G$"&MATCH(T92,renta!$A:$A,0))*0.975-(G92*INDIRECT("'renta'!G$"&MATCH(F92,renta!$A:$A,0)))/B92-IFERROR((J92*INDIRECT("'renta'!G$"&MATCH(I92,renta!$A:$A,0)))/B92,0),)} -> 0.0073188432 | E92: =IFERROR( D92/C92/24*B92*2*(1+AI92),0) -> 17.473738 | F92: MUD | G92: =H92*0.95 -> 45362.5 | H92: 47750,00 | L92: 100.00% | M92: 3.82 | N92: 25 | O92: SCREWS | P92: 150 | R92: {=INDIRECT("'renta'!G$"&MATCH(O92,renta!$A:$A,0))*P92} -> 19902.323 | S92: =SUM(R$53:R92) -> 102056.36 | T92: =IFERROR(LEFT(A92, FIND("_", A92) - 1),"") -> CLAY | U92: =(E92-E91)/R92*1000 -> 0.0049889997 | W92: =IFERROR(D92/V92*B92,) | Y92: 100 | Z92: 0.0025578704 | AA92: 0.57% | AB92: 286,507.93 | AC92: 170,304.00 | AF92: 1.25 | AG92: 716,269.82 | AH92: 31
D93: {=IFERROR(INDIRECT("'renta'!G$"&MATCH(T93,renta!$A:$A,0))*0.975-(G93*INDIRECT("'renta'!G$"&MATCH(F93,renta!$A:$A,0)))/B93-IFERROR((J93*INDIRECT("'renta'!G$"&MATCH(I93,renta!$A:$A,0)))/B93,0),)} | E93: =IFERROR( D93/C93/24*B93*2*(1+AI93),0) -> 0 | G93: =H93*0.95 -> 0 | T93: =IFERROR(LEFT(A93, FIND("_", A93) - 1),"") | U93: =(E93-E92)/R93*1000 -> #DIV/0! | W93: =IFERROR(D93/V93*B93,)
A94: SAND_1 | B94: 1 | C94: 0.0013888889 | D94: {=IFERROR(INDIRECT("'renta'!G$"&MATCH(T94,renta!$A:$A,0))*0.975-(G94*INDIRECT("'renta'!G$"&MATCH(F94,renta!$A:$A,0)))/B94-IFERROR((J94*INDIRECT("'renta'!G$"&MATCH(I94,renta!$A:$A,0)))/B94,0),)} -> -0.038024938 | E94: =IFERROR( D94/C94/24*B94*2*(1+AI94),0) -> -2.2814963 | F94: CLAY | G94: =H94*0.95 -> 2.85 | H94: 3,00 | L94: 100.00% | M94: 0 | N94: 75 | O94: EARTH | P94: 1 | R94: {=INDIRECT("'renta'!G$"&MATCH(O94,renta!$A:$A,0))*P94} -> 0.0041 | S94: =SUM(R$94:R94) -> 0.0041 | T94: =IFERROR(LEFT(A94, FIND("_", A94) - 1),"") -> SAND | U94: =(E94-E93)/R94*1000 -> -556462.5 | W94: =IFERROR(D94/V94*B94,) | Y94: 0 | Z94: 0 | AA94: 0 | AB94: 2,160.00 | AC94: 2,880.00 | AF94: 1.00 | AG94: 54,000.00
A95: SAND_2 | B95: 2 | C95: 0.0013888889 | D95: {=IFERROR(INDIRECT("'renta'!G$"&MATCH(T95,renta!$A:$A,0))*0.975-(G95*INDIRECT("'renta'!G$"&MATCH(F95,renta!$A:$A,0)))/B95-IFERROR((J95*INDIRECT("'renta'!G$"&MATCH(I95,renta!$A:$A,0)))/B95,0),)} -> -0.038024938 | E95: =IFERROR( D95/C95/24*B95*2*(1+AI95),0) -> -4.5629925 | F95: CLAY | G95: =H95*0.95 -> 5.7 | H95: 6,00 | L95: 100.00% | M95: 8 | N95: 75 | O95: SAND | P95: 1 | R95: {=INDIRECT("'renta'!G$"&MATCH(O95,renta!$A:$A,0))*P95} -> 0.31176929 | S95: =SUM(R$94:R95) -> 0.31586929 | T95: =IFERROR(LEFT(A95, FIND("_", A95) - 1),"") -> SAND | U95: =(E95-E94)/R95*1000 -> -7317.8992 | W95: =IFERROR(D95/V95*B95,) | Y95: 1 | Z95: 0 | AA95: 1 | AB95: 4,320.00 | AC95: 8,160.00 | AF95: 0.25 | AG95: 108,000.00 | AH95: 19
A96: SAND_3 | B96: 5 | C96: 0.0024537037 | D96: {=IFERROR(INDIRECT("'renta'!G$"&MATCH(T96,renta!$A:$A,0))*0.975-(G96*INDIRECT("'renta'!G$"&MATCH(F96,renta!$A:$A,0)))/B96-IFERROR((J96*INDIRECT("'renta'!G$"&MATCH(I96,renta!$A:$A,0)))/B96,0),)} -> -0.038024938 | E96: =IFERROR( D96/C96/24*B96*2*(1+AI96),0) -> -6.4570649 | F96: CLAY | G96: =H96*0.95 -> 14.25 | H96: 15,00 | L96: 100.00% | M96: 20 | N96: 75 | O96: SAND | P96: 5 | R96: {=INDIRECT("'renta'!G$"&MATCH(O96,renta!$A:$A,0))*P96} -> 1.5588465 | S96: =SUM(R$94:R96) -> 1.8747158 | T96: =IFERROR(LEFT(A96, FIND("_", A96) - 1),"") -> SAND | U96: =(E96-E95)/R96*1000 -> -1215.0474 | W96: =IFERROR(D96/V96*B96,) | Y96: 3 | Z96: 0.0010648148 | AA96: 41.67% | AB96: 6,120.00 | AC96: 10,080.00 | AF96: 0.25 | AG96: 153,000.00 | AH96: 19
A97: SAND_4 | B97: 10 | C97: 0.0038541667 | D97: {=IFERROR(INDIRECT("'renta'!G$"&MATCH(T97,renta!$A:$A,0))*0.975-(G97*INDIRECT("'renta'!G$"&MATCH(F97,renta!$A:$A,0)))/B97-IFERROR((J97*INDIRECT("'renta'!G$"&MATCH(I97,renta!$A:$A,0)))/B97,0),)} -> -0.038024938 | E97: =IFERROR( D97/C97/24*B97*2*(1+AI97),0) -> -8.2216081 | F97: CLAY | G97: =H97*0.95 -> 28.5 | H97: 30,00 | L97: 100.00% | M97: 40 | N97: 75 | O97: SAND | P97: 10 | R97: {=INDIRECT("'renta'!G$"&MATCH(O97,renta!$A:$A,0))*P97} -> 3.1176929 | S97: =SUM(R$94:R97) -> 4.9924087 | T97: =IFERROR(LEFT(A97, FIND("_", A97) - 1),"") -> SAND | U97: =(E97-E96)/R97*1000 -> -565.97724 | W97: =IFERROR(D97/V97*B97,) | Y97: 5 | Z97: 0.001412037 | AA97: 27.06% | AB97: 7,776.00 | AC97: 12,840.00 | AF97: 0.25 | AG97: 194,400.00 | AH97: 19
A98: SAND_5 | B98: 20 | C98: 0.006412037 | D98: {=IFERROR(INDIRECT("'renta'!G$"&MATCH(T98,renta!$A:$A,0))*0.975-(G98*INDIRECT("'renta'!G$"&MATCH(F98,renta!$A:$A,0)))/B98-IFERROR((J98*INDIRECT("'renta'!G$"&MATCH(I98,renta!$A:$A,0)))/B98,0),)} -> -0.038024938 | E98: =IFERROR( D98/C98/24*B98*2*(1+AI98),0) -> -9.8837383 | F98: CLAY | G98: =H98*0.95 -> 57 | H98: 60,00 | L98: 100.00% | M98: 80 | N98: 75 | O98: SAND | P98: 17 | R98: {=INDIRECT("'renta'!G$"&MATCH(O98,renta!$A:$A,0))*P98} -> 5.300078 | S98: =SUM(R$94:R98) -> 10.292487 | T98: =IFERROR(LEFT(A98, FIND("_", A98) - 1),"") -> SAND | U98: =(E98-E97)/R98*1000 -> -313.60485 | W98: =IFERROR(D98/V98*B98,) | Y98: 10 | Z98: 0.0025578704 | AA98: 20.37% | AB98: 9,360.00 | AC98: 14,040.00 | AF98: 0.25 | AG98: 234,000.00 | AH98: 19
A99: SAND_6 | B99: 40 | C99: 0.011041667 | D99: {=IFERROR(INDIRECT("'renta'!G$"&MATCH(T99,renta!$A:$A,0))*0.975-(G99*INDIRECT("'renta'!G$"&MATCH(F99,renta!$A:$A,0)))/B99-IFERROR((J99*INDIRECT("'renta'!G$"&MATCH(I99,renta!$A:$A,0)))/B99,0),)} -> -0.038024938 | E99: =IFERROR( D99/C99/24*B99*2*(1+AI99),0) -> -11.479226 | F99: CLAY | G99: =H99*0.95 -> 114 | H99: 120,00 | L99: 100.00% | M99: 160 | N99: 75 | O99: SAND | P99: 27 | R99: {=INDIRECT("'renta'!G$"&MATCH(O99,renta!$A:$A,0))*P99} -> 8.417771 | S99: =SUM(R$94:R99) -> 18.710258 | T99: =IFERROR(LEFT(A99, FIND("_", A99) - 1),"") -> SAND | U99: =(E99-E98)/R99*1000 -> -189.53808 | W99: =IFERROR(D99/V99*B99,) | Y99: 20 | Z99: 0.0046296296 | AA99: 16.15% | AB99: 10,872.00 | AC99: 15,120.00 | AF99: 0.25 | AG99: 271,800.00 | AH99: 19
A100: SAND_7 | B100: 70 | C100: 0.017060185 | D100: {=IFERROR(INDIRECT("'renta'!G$"&MATCH(T100,renta!$A:$A,0))*0.975-(G100*INDIRECT("'renta'!G$"&MATCH(F100,renta!$A:$A,0)))/B100-IFERROR((J100*INDIRECT("'renta'!G$"&MATCH(I100,renta!$A:$A,0)))/B100,0),)} -> -0.038024938 | E100: =IFERROR( D100/C100/24*B100*2*(1+AI100),0) -> -13.001743 | F100: CLAY | G100: =H100*0.95 -> 199.5 | H100: 210,00 | L100: 100.00% | M100: 280 | N100: 75 | O100: SAND | P100: 40 | R100: {=INDIRECT("'renta'!G$"&MATCH(O100,renta!$A:$A,0))*P100} -> 12.470772 | S100: =SUM(R$94:R100) -> 31.181029 | T100: =IFERROR(LEFT(A100, FIND("_", A100) - 1),"") -> SAND | U100: =(E100-E99)/R100*1000 -> -122.08676 | W100: =IFERROR(D100/V100*B100,) | Y100: 30 | Z100: 0.0060185185 | AA100: 13.25% | AB100: 12,312.00 | AC100: 17,064.00 | AF100: 0.25 | AG100: 307,800.00 | AH100: 19
A101: SAND_8 | B101: 125 | C101: 0.027407407 | D101: {=IFERROR(INDIRECT("'renta'!G$"&MATCH(T101,renta!$A:$A,0))*0.975-(G101*INDIRECT("'renta'!G$"&MATCH(F101,renta!$A:$A,0)))/B101-IFERROR((J101*INDIRECT("'renta'!G$"&MATCH(I101,renta!$A:$A,0)))/B101,0),)} -> -0.038024938 | E101: =IFERROR( D101/C101/24*B101*2*(1+AI101),0) -> -14.452046 | F101: CLAY | G101: =H101*0.95 -> 356.25 | H101: 375,00 | L101: 100.00% | M101: 500 | N101: 75 | O101: SAND | P101: 60 | R101: {=INDIRECT("'renta'!G$"&MATCH(O101,renta!$A:$A,0))*P101} -> 18.706158 | S101: =SUM(R$94:R101) -> 49.887187 | T101: =IFERROR(LEFT(A101, FIND("_", A101) - 1),"") -> SAND | U101: =(E101-E100)/R101*1000 -> -77.530779 | W101: =IFERROR(D101/V101*B101,) | Y101: 55 | Z101: 0.010358796 | AA101: 11.11% | AB101: 13,680.00 | AC101: 17,064.00 | AF101: 0.25 | AG101: 342,000.00 | AH101: 19
A102: SAND_9 | B102: 225 | C102: 0.045069444 | D102: {=IFERROR(INDIRECT("'renta'!G$"&MATCH(T102,renta!$A:$A,0))*0.975-(G102*INDIRECT("'renta'!G$"&MATCH(F102,renta!$A:$A,0)))/B102-IFERROR((J102*INDIRECT("'renta'!G$"&MATCH(I102,renta!$A:$A,0)))/B102,0),)} -> -0.038024938 | E102: =IFERROR( D102/C102/24*B102*2*(1+AI102),0) -> -15.819312 | F102: CLAY | G102: =H102*0.95 -> 641.25 | H102: 675,00 | L102: 100.00% | M102: 900 | N102: 75 | O102: COPPER | P102: 3 | R102: {=INDIRECT("'renta'!G$"&MATCH(O102,renta!$A:$A,0))*P102} -> 24.99 | S102: =SUM(R$94:R102) -> 74.877187 | T102: =IFERROR(LEFT(A102, FIND("_", A102) - 1),"") -> SAND | U102: =(E102-E101)/R102*1000 -> -54.712523 | W102: =IFERROR(D102/V102*B102,) | Y102: 100 | Z102: 0.017662037 | AA102: 9.47% | AB102: 14,976.00 | AC102: 17,928.00 | AF102: 0.25 | AG102: 374,400.00 | AH102: 19
A103: SAND_10 | B103: 335 | C103: 0.062037037 | D103: {=IFERROR(INDIRECT("'renta'!G$"&MATCH(T103,renta!$A:$A,0))*0.975-(G103*INDIRECT("'renta'!G$"&MATCH(F103,renta!$A:$A,0)))/B103-IFERROR((J103*INDIRECT("'renta'!G$"&MATCH(I103,renta!$A:$A,0)))/B103,0),)} -> -0.038024938 | E103: =IFERROR( D103/C103/24*B103*2*(1+AI103),0) -> -17.111222 | F103: CLAY | G103: =H103*0.95 -> 954.75 | H103: 1005,00 | L103: 100.00% | M103: 1.291 | N103: 75 | O103: COPPER | P103: 5 | R103: {=INDIRECT("'renta'!G$"&MATCH(O103,renta!$A:$A,0))*P103} -> 41.65 | S103: =SUM(R$94:R103) -> 116.52719 | T103: =IFERROR(LEFT(A103, FIND("_", A103) - 1),"") -> SAND | U103: =(E103-E102)/R103*1000 -> -31.018258 | W103: =IFERROR(D103/V103*B103,) | Y103: 110 | Z103: 0.016967593 | AA103: 8.17% | AB103: 16,200.00 | AC103: 18,720.00 | AF103: 0.26 | AG103: 405,000.00 | AH103: 19
A104: SAND_11 | B104: 455 | C104: 0.078668981 | D104: {=IFERROR(INDIRECT("'renta'!G$"&MATCH(T104,renta!$A:$A,0))*0.975-(G104*INDIRECT("'renta'!G$"&MATCH(F104,renta!$A:$A,0)))/B104-IFERROR((J104*INDIRECT("'renta'!G$"&MATCH(I104,renta!$A:$A,0)))/B104,0),)} -> -0.038024938 | E104: =IFERROR( D104/C104/24*B104*2*(1+AI104),0) -> -18.327158 | F104: CLAY | G104: =H104*0.95 -> 1296.75 | H104: 1365,00 | L104: 100.00% | M104: 1.697 | N104: 75 | O104: COPPER | P104: 10 | R104: {=INDIRECT("'renta'!G$"&MATCH(O104,renta!$A:$A,0))*P104} -> 83.3 | S104: =SUM(R$94:R104) -> 199.82719 | T104: =IFERROR(LEFT(A104, FIND("_", A104) - 1),"") -> SAND | U104: =(E104-E103)/R104*1000 -> -14.597077 | V104: 1.7 | W104: =IFERROR(D104/V104*B104,) -> -10.177263 | Y104: 120 | Z104: 0.016631944 | AA104: 7.11% | AB104: 17,352.00 | AC104: 20,112.00 | AF104: 0.27 | AG104: 433,800.00 | AH104: 20
A105: SAND_12 | B105: 575 | C105: 0.093587963 | D105: {=IFERROR(INDIRECT("'renta'!G$"&MATCH(T105,renta!$A:$A,0))*0.975-(G105*INDIRECT("'renta'!G$"&MATCH(F105,renta!$A:$A,0)))/B105-IFERROR((J105*INDIRECT("'renta'!G$"&MATCH(I105,renta!$A:$A,0)))/B105,0),)} -> -0.038024938 | E105: =IFERROR( D105/C105/24*B105*2*(1+AI105),0) -> -19.468618 | F105: CLAY | G105: =H105*0.95 -> 1638.75 | H105: 1725,00 | L105: 100.00% | M105: 2.081 | N105: 75 | O105: COPPER | P105: 15 | R105: {=INDIRECT("'renta'!G$"&MATCH(O105,renta!$A:$A,0))*P105} -> 124.95 | S105: =SUM(R$94:R105) -> 324.77719 | T105: =IFERROR(LEFT(A105, FIND("_", A105) - 1),"") -> SAND | U105: =(E105-E104)/R105*1000 -> -9.1353276 | W105: =IFERROR(D105/V105*B105,) | Y105: 120 | Z105: 0.014918981 | AA105: 6.22% | AB105: 18,432.00 | AC105: 20,736.00 | AF105: 0.28 | AG105: 460,800.00 | AH105: 21
A106: SAND_13 | B106: 685 | C106: 0.10550926 | D106: {=IFERROR(INDIRECT("'renta'!G$"&MATCH(T106,renta!$A:$A,0))*0.975-(G106*INDIRECT("'renta'!G$"&MATCH(F106,renta!$A:$A,0)))/B106-IFERROR((J106*INDIRECT("'renta'!G$"&MATCH(I106,renta!$A:$A,0)))/B106,0),)} -> -0.038024938 | E106: =IFERROR( D106/C106/24*B106*2*(1+AI106),0) -> -20.572509 | F106: CLAY | G106: =H106*0.95 -> 1952.25 | H106: 2055,00 | L106: 100.00% | M106: 2.414 | N106: 75 | O106: COPPER | P106: 21 | R106: {=INDIRECT("'renta'!G$"&MATCH(O106,renta!$A:$A,0))*P106} -> 174.93 | S106: =SUM(R$94:R106) -> 499.70719 | T106: =IFERROR(LEFT(A106, FIND("_", A106) - 1),"") -> SAND | U106: =(E106-E105)/R106*1000 -> -6.3104754 | W106: =IFERROR(D106/V106*B106,) | Y106: 110 | Z106: 0.01193287 | AA106: 5.66% | AB106: 19,476.00 | AC106: 21,312.00 | AF106: 0.28 | AG106: 486,900.00 | AH106: 21
A107: SAND_14 | B107: 800 | C107: 0.11716435 | D107: {=IFERROR(INDIRECT("'renta'!G$"&MATCH(T107,renta!$A:$A,0))*0.975-(G107*INDIRECT("'renta'!G$"&MATCH(F107,renta!$A:$A,0)))/B107-IFERROR((J107*INDIRECT("'renta'!G$"&MATCH(I107,renta!$A:$A,0)))/B107,0),)} -> -0.038024938 | E107: =IFERROR( D107/C107/24*B107*2*(1+AI107),0) -> -21.636238 | F107: CLAY | G107: =H107*0.95 -> 2280 | H107: 2400,00 | L107: 100.00% | M107: 2.749 | N107: 75 | O107: COPPER | P107: 28 | R107: {=INDIRECT("'renta'!G$"&MATCH(O107,renta!$A:$A,0))*P107} -> 233.24 | S107: =SUM(R$94:R107) -> 732.94719 | T107: =IFERROR(LEFT(A107, FIND("_", A107) - 1),"") -> SAND | U107: =(E107-E106)/R107*1000 -> -4.5606641 | W107: =IFERROR(D107/V107*B107,) | Y107: 115 | Z107: 0.011655093 | AA107: 5.18% | AB107: 20,484.00 | AC107: 21,840.00 | AF107: 0.29 | AG107: 512,100.00 | AH107: 22
A108: SAND_15 | B108: 920 | C108: 0.12863426 | D108: {=IFERROR(INDIRECT("'renta'!G$"&MATCH(T108,renta!$A:$A,0))*0.975-(G108*INDIRECT("'renta'!G$"&MATCH(F108,renta!$A:$A,0)))/B108-IFERROR((J108*INDIRECT("'renta'!G$"&MATCH(I108,renta!$A:$A,0)))/B108,0),)} -> -0.038024938 | E108: =IFERROR( D108/C108/24*B108*2*(1+AI108),0) -> -22.663054 | F108: CLAY | G108: =H108*0.95 -> 2622 | H108: 2760,00 | L108: 100.00% | M108: 3.09 | N108: 75 | O108: COPPER | P108: 36 | R108: {=INDIRECT("'renta'!G$"&MATCH(O108,renta!$A:$A,0))*P108} -> 299.88 | S108: =SUM(R$94:R108) -> 1032.8272 | T108: =IFERROR(LEFT(A108, FIND("_", A108) - 1),"") -> SAND | U108: =(E108-E107)/R108*1000 -> -3.4240899 | W108: =IFERROR(D108/V108*B108,) | Y108: 120 | Z108: 0.011469907 | AA108: 4.75% | AB108: 21,456.00 | AC108: 22,320.00 | AF108: 0.30 | AG108: 536,400.00 | AH108: 22
A109: SAND_16 | B109: 1035 | C109: 0.13866898 | D109: {=IFERROR(INDIRECT("'renta'!G$"&MATCH(T109,renta!$A:$A,0))*0.975-(G109*INDIRECT("'renta'!G$"&MATCH(F109,renta!$A:$A,0)))/B109-IFERROR((J109*INDIRECT("'renta'!G$"&MATCH(I109,renta!$A:$A,0)))/B109,0),)} -> -0.038024938 | E109: =IFERROR( D109/C109/24*B109*2*(1+AI109),0) -> -23.650934 | F109: CLAY | G109: =H109*0.95 -> 2949.75 | H109: 3105,00 | L109: 100.00% | M109: 3.402 | N109: 75 | O109: COPPER | P109: 46 | R109: {=INDIRECT("'renta'!G$"&MATCH(O109,renta!$A:$A,0))*P109} -> 383.18 | S109: =SUM(R$94:R109) -> 1416.0072 | T109: =IFERROR(LEFT(A109, FIND("_", A109) - 1),"") -> SAND | U109: =(E109-E108)/R109*1000 -> -2.5781073 | W109: =IFERROR(D109/V109*B109,) | Y109: 115 | Z109: 0.010034722 | AA109: 4.36% | AB109: 22,392.00 | AC109: 22,776.00 | AF109: 0.30 | AG109: 559,800.00 | AH109: 23
A110: SAND_17 | B110: 1150 | C110: 0.148125 | D110: {=IFERROR(INDIRECT("'renta'!G$"&MATCH(T110,renta!$A:$A,0))*0.975-(G110*INDIRECT("'renta'!G$"&MATCH(F110,renta!$A:$A,0)))/B110-IFERROR((J110*INDIRECT("'renta'!G$"&MATCH(I110,renta!$A:$A,0)))/B110,0),)} -> -0.038024938 | E110: =IFERROR( D110/C110/24*B110*2*(1+AI110),0) -> -24.601226 | F110: CLAY | G110: =H110*0.95 -> 3277.5 | H110: 3450,00 | L110: 100.00% | M110: 3.703 | N110: 75 | O110: COPPER | P110: 57 | R110: {=INDIRECT("'renta'!G$"&MATCH(O110,renta!$A:$A,0))*P110} -> 474.81 | S110: =SUM(R$94:R110) -> 1890.8172 | T110: =IFERROR(LEFT(A110, FIND("_", A110) - 1),"") -> SAND | U110: =(E110-E109)/R110*1000 -> -2.0014151 | W110: =IFERROR(D110/V110*B110,) | Y110: 115 | Z110: 0.0094560185 | AA110: 4.02% | AB110: 23,292.00 | AC110: 23,208.00 | AF110: 0.31 | AG110: 582,300.00 | AH110: 23
A111: SAND_18 | B111: 1260 | C111: 0.15636574 | D111: {=IFERROR(INDIRECT("'renta'!G$"&MATCH(T111,renta!$A:$A,0))*0.975-(G111*INDIRECT("'renta'!G$"&MATCH(F111,renta!$A:$A,0)))/B111-IFERROR((J111*INDIRECT("'renta'!G$"&MATCH(I111,renta!$A:$A,0)))/B111,0),)} -> -0.038024938 | E111: =IFERROR( D111/C111/24*B111*2*(1+AI111),0) -> -25.533844 | F111: CLAY | G111: =H111*0.95 -> 3591 | H111: 3780,00 | L111: 100.00% | M111: 3.981 | N111: 75 | O111: COPPER | P111: 71 | R111: {=INDIRECT("'renta'!G$"&MATCH(O111,renta!$A:$A,0))*P111} -> 591.43 | S111: =SUM(R$94:R111) -> 2482.2472 | T111: =IFERROR(LEFT(A111, FIND("_", A111) - 1),"") -> SAND | U111: =(E111-E110)/R111*1000 -> -1.5768876 | W111: =IFERROR(D111/V111*B111,) | Y111: 110 | Z111: 0.0082523148 | AA111: 3.79% | AB111: 24,174.00 | AC111: 23,616.00 | AF111: 0.32 | AG111: 604,350.00 | AH111: 24
A112: SAND_19 | B112: 1370 | C112: 0.16415509 | D112: {=IFERROR(INDIRECT("'renta'!G$"&MATCH(T112,renta!$A:$A,0))*0.975-(G112*INDIRECT("'renta'!G$"&MATCH(F112,renta!$A:$A,0)))/B112-IFERROR((J112*INDIRECT("'renta'!G$"&MATCH(I112,renta!$A:$A,0)))/B112,0),)} -> -0.038024938 | E112: =IFERROR( D112/C112/24*B112*2*(1+AI112),0) -> -26.445603 | F112: CLAY | G112: =H112*0.95 -> 3904.5 | H112: 4110,00 | L112: 100.00% | M112: 4.25 | N112: 75 | O112: COPPER | P112: 87 | R112: {=INDIRECT("'renta'!G$"&MATCH(O112,renta!$A:$A,0))*P112} -> 724.71 | S112: =SUM(R$94:R112) -> 3206.9572 | T112: =IFERROR(LEFT(A112, FIND("_", A112) - 1),"") -> SAND | U112: =(E112-E111)/R112*1000 -> -1.2581014 | W112: =IFERROR(D112/V112*B112,) | Y112: 110 | Z112: 0.0077893519 | AA112: 3.57% | AB112: 25,038.00 | AC112: 24,000.00 | AF112: 0.32 | AG112: 625,950.00 | AH112: 24
A113: SAND_20 | B113: 1480 | C113: 0.17153935 | D113: {=IFERROR(INDIRECT("'renta'!G$"&MATCH(T113,renta!$A:$A,0))*0.975-(G113*INDIRECT("'renta'!G$"&MATCH(F113,renta!$A:$A,0)))/B113-IFERROR((J113*INDIRECT("'renta'!G$"&MATCH(I113,renta!$A:$A,0)))/B113,0),)} -> -0.038024938 | E113: =IFERROR( D113/C113/24*B113*2*(1+AI113),0) -> -27.339163 | F113: CLAY | G113: =H113*0.95 -> 4218 | H113: 4440,00 | L113: 100.00% | M113: 4.513 | N113: 75 | O113: COPPER | P113: 106 | R113: {=INDIRECT("'renta'!G$"&MATCH(O113,renta!$A:$A,0))*P113} -> 882.98 | S113: =SUM(R$94:R113) -> 4089.9372 | T113: =IFERROR(LEFT(A113, FIND("_", A113) - 1),"") -> SAND | U113: =(E113-E112)/R113*1000 -> -1.0119824 | W113: =IFERROR(D113/V113*B113,) | Y113: 110 | Z113: 0.0073842593 | AA113: 3.38% | AB113: 25,884.00 | AC113: 24,360.00 | AF113: 0.33 | AG113: 647,100.00 | AH113: 25
A114: SAND_21 | B114: 1590 | C114: 0.17857639 | D114: {=IFERROR(INDIRECT("'renta'!G$"&MATCH(T114,renta!$A:$A,0))*0.975-(G114*INDIRECT("'renta'!G$"&MATCH(F114,renta!$A:$A,0)))/B114-IFERROR((J114*INDIRECT("'renta'!G$"&MATCH(I114,renta!$A:$A,0)))/B114,0),)} -> -0.038024938 | E114: =IFERROR( D114/C114/24*B114*2*(1+AI114),0) -> -28.21372 | F114: CLAY | G114: =H114*0.95 -> 4531.5 | H114: 4770,00 | L114: 100.00% | M114: 4.769 | N114: 75 | O114: STEEL | P114: 26 | R114: {=INDIRECT("'renta'!G$"&MATCH(O114,renta!$A:$A,0))*P114} -> 962 | S114: =SUM(R$94:R114) -> 5051.9372 | T114: =IFERROR(LEFT(A114, FIND("_", A114) - 1),"") -> SAND | U114: =(E114-E113)/R114*1000 -> -0.90910288 | W114: =IFERROR(D114/V114*B114,) | Y114: 110 | Z114: 0.007037037 | AA114: 3.2% | AB114: 26,712.00 | AC114: 24,708.00 | AF114: 0.33 | AG114: 667,800.00 | AH114: 25
A115: SAND_22 | B115: 1700 | C115: 0.18530093 | D115: {=IFERROR(INDIRECT("'renta'!G$"&MATCH(T115,renta!$A:$A,0))*0.975-(G115*INDIRECT("'renta'!G$"&MATCH(F115,renta!$A:$A,0)))/B115-IFERROR((J115*INDIRECT("'renta'!G$"&MATCH(I115,renta!$A:$A,0)))/B115,0),)} -> -0.038024938 | E115: =IFERROR( D115/C115/24*B115*2*(1+AI115),0) -> -29.070908 | F115: CLAY | G115: =H115*0.95 -> 4845 | H115: 5100,00 | L115: 100.00% | M115: 5.017 | N115: 75 | O115: STEEL | P115: 31 | R115: {=INDIRECT("'renta'!G$"&MATCH(O115,renta!$A:$A,0))*P115} -> 1147 | S115: =SUM(R$94:R115) -> 6198.9372 | T115: =IFERROR(LEFT(A115, FIND("_", A115) - 1),"") -> SAND | U115: =(E115-E114)/R115*1000 -> -0.7473304 | W115: =IFERROR(D115/V115*B115,) | Y115: 110 | Z115: 0.0067361111 | AA115: 3.03% | AB115: 27,522.00 | AC115: 25,044.00 | AF115: 0.34 | AG115: 688,050.00 | AH115: 25
A116: SAND_23 | B116: 1810 | C116: 0.19178241 | D116: {=IFERROR(INDIRECT("'renta'!G$"&MATCH(T116,renta!$A:$A,0))*0.975-(G116*INDIRECT("'renta'!G$"&MATCH(F116,renta!$A:$A,0)))/B116-IFERROR((J116*INDIRECT("'renta'!G$"&MATCH(I116,renta!$A:$A,0)))/B116,0),)} -> -0.038024938 | E116: =IFERROR( D116/C116/24*B116*2*(1+AI116),0) -> -29.905914 | F116: CLAY | G116: =H116*0.95 -> 5158.5 | H116: 5430,00 | L116: 100.00% | M116: 5.262 | N116: 75 | O116: STEEL | P116: 37 | R116: {=INDIRECT("'renta'!G$"&MATCH(O116,renta!$A:$A,0))*P116} -> 1369 | S116: =SUM(R$94:R116) -> 7567.9372 | T116: =IFERROR(LEFT(A116, FIND("_", A116) - 1),"") -> SAND | U116: =(E116-E115)/R116*1000 -> -0.60993832 | W116: =IFERROR(D116/V116*B116,) | Y116: 110 | Z116: 0.0064699074 | AA116: 2.88% | AB116: 28,314.00 | AC116: 25,368.00 | AF116: 0.34 | AG116: 707,850.00 | AH116: 26
... A128: SAND_35 | B128: 3035 | C128: 0.25 | D128: {=IFERROR(INDIRECT("'renta'!G$"&MATCH(T128,renta!$A:$A,0))*0.975-(G128*INDIRECT("'renta'!G$"&MATCH(F128,renta!$A:$A,0)))/B128-IFERROR((J128*INDIRECT("'renta'!G$"&MATCH(I128,renta!$A:$A,0)))/B128,0),)} -> -0.038024938 | E128: =IFERROR( D128/C128/24*B128*2*(1+AI128),0) -> -38.468562 | F128: CLAY | G128: =H128*0.95 -> 8649.75 | H128: 9105,00 | L128: 100.00% | M128: 7.588 | N128: 75 | O128: SCREWS | P128: 150 | R128: {=INDIRECT("'renta'!G$"&MATCH(O128,renta!$A:$A,0))*P128} -> 19902.323 | S128: =SUM(R$94:R128) -> 87011.006 | T128: =IFERROR(LEFT(A128, FIND("_", A128) - 1),"") -> SAND | U128: =(E128-E127)/R128*1000 -> -0.030886601 | W128: =IFERROR(D128/V128*B128,) | Y128: 85 | Z128: 0.0030555556 | AA128: 1.62% | AB128: 36,420.00 | AC128: 28,650.79 | AF128: 0.40 | AG128: 910,500.00 | AH128: 30
D129: {=IFERROR(INDIRECT("'renta'!G$"&MATCH(T129,renta!$A:$A,0))*0.975-(G129*INDIRECT("'renta'!G$"&MATCH(F129,renta!$A:$A,0)))/B129-IFERROR((J129*INDIRECT("'renta'!G$"&MATCH(I129,renta!$A:$A,0)))/B129,0),)} | E129: =IFERROR( D129/C129/24*B129*2*(1+AI129),0) -> 0 | G129: =H129*0.95 -> 0 | T129: =IFERROR(LEFT(A129, FIND("_", A129) - 1),"") | U129: =(E129-E128)/R129*1000 -> #DIV/0! | W129: =IFERROR(D129/V129*B129,)
A130: COPPER_1 | B130: 1 | C130: 0.041666667 | D130: {=IFERROR(INDIRECT("'renta'!G$"&MATCH(T130,renta!$A:$A,0))*0.975-(G130*INDIRECT("'renta'!G$"&MATCH(F130,renta!$A:$A,0)))/B130-IFERROR((J130*INDIRECT("'renta'!G$"&MATCH(I130,renta!$A:$A,0)))/B130,0),)} -> -0.7636749 | E130: =IFERROR( D130/C130/24*B130*2*(1+AI130),0) -> -1.5273498 | F130: SAND | G130: =H130*0.95 -> 28.5 | H130: 30,00 | L130: 100.00% | M130: 250 | N130: 2 | O130: EARTH | P130: 1 | R130: {=INDIRECT("'renta'!G$"&MATCH(O130,renta!$A:$A,0))*P130} -> 0.0041 | S130: =SUM(R$130:R130) -> 0.0041 | T130: =IFERROR(LEFT(A130, FIND("_", A130) - 1),"") -> COPPER | U130: =(E130-E129)/R130*1000 -> -372524.34 | W130: =IFERROR(D130/V130*B130,) | Y130: 0 | Z130: 0 | AA130: 0 | AB130: 720.00 | AC130: 720.00 | AF130: 0.00 | AG130: 48,000.00 | AH130: 8
A131: COPPER_2 | B131: 2 | C131: 0.041666667 | D131: {=IFERROR(INDIRECT("'renta'!G$"&MATCH(T131,renta!$A:$A,0))*0.975-(G131*INDIRECT("'renta'!G$"&MATCH(F131,renta!$A:$A,0)))/B131-IFERROR((J131*INDIRECT("'renta'!G$"&MATCH(I131,renta!$A:$A,0)))/B131,0),)} -> -0.7636749 | E131: =IFERROR( D131/C131/24*B131*2*(1+AI131),0) -> -3.0546996 | F131: SAND | G131: =H131*0.95 -> 57 | H131: 60,00 | L131: 100.00% | M131: 480 | N131: 2 | O131: COPPER | P131: 1 | R131: {=INDIRECT("'renta'!G$"&MATCH(O131,renta!$A:$A,0))*P131} -> 8.33 | S131: =SUM(R$130:R131) -> 8.3341 | T131: =IFERROR(LEFT(A131, FIND("_", A131) - 1),"") -> COPPER | U131: =(E131-E130)/R131*1000 -> -183.35532 | W131: =IFERROR(D131/V131*B131,) | Y131: 1 | Z131: 0 | AA131: 1 | AB131: 1,440.00 | AC131: 4,104.00 | AF131: 0.00 | AG131: 96,000.00 | AH131: 8
A132: COPPER_3 | B132: 4 | C132: 0.057476852 | D132: {=IFERROR(INDIRECT("'renta'!G$"&MATCH(T132,renta!$A:$A,0))*0.975-(G132*INDIRECT("'renta'!G$"&MATCH(F132,renta!$A:$A,0)))/B132-IFERROR((J132*INDIRECT("'renta'!G$"&MATCH(I132,renta!$A:$A,0)))/B132,0),)} -> -0.7636749 | E132: =IFERROR( D132/C132/24*B132*2*(1+AI132),0) -> -4.4288838 | F132: SAND | G132: =H132*0.95 -> 114 | H132: 120,00 | L132: 100.00% | M132: 923 | N132: 2 | O132: COPPER | P132: 2 | R132: {=INDIRECT("'renta'!G$"&MATCH(O132,renta!$A:$A,0))*P132} -> 16.66 | S132: =SUM(R$130:R132) -> 24.9941 | T132: =IFERROR(LEFT(A132, FIND("_", A132) - 1),"") -> COPPER | U132: =(E132-E131)/R132*1000 -> -82.484048 | W132: =IFERROR(D132/V132*B132,) | Y132: 2 | Z132: 0.015810185 | AA132: 0.45 | AB132: 2,088.00 | AC132: 4,560.00 | AF132: 0.00 | AG132: 139,200.00 | AH132: 9
A133: COPPER_4 | B133: 7 | C133: 0.078831019 | D133: {=IFERROR(INDIRECT("'renta'!G$"&MATCH(T133,renta!$A:$A,0))*0.975-(G133*INDIRECT("'renta'!G$"&MATCH(F133,renta!$A:$A,0)))/B133-IFERROR((J133*INDIRECT("'renta'!G$"&MATCH(I133,renta!$A:$A,0)))/B133,0),)} -> -0.7636749 | E133: =IFERROR( D133/C133/24*B133*2*(1+AI133),0) -> -5.6510373 | F133: SAND | G133: =H133*0.95 -> 199.5 | H133: 210,00 | L133: 100.00% | M133: 1.56 | N133: 2 | O133: COPPER | P133: 5 | R133: {=INDIRECT("'renta'!G$"&MATCH(O133,renta!$A:$A,0))*P133} -> 41.65 | S133: =SUM(R$130:R133) -> 66.6441 | T133: =IFERROR(LEFT(A133, FIND("_", A133) - 1),"") -> COPPER | U133: =(E133-E132)/R133*1000 -> -29.34342 | W133: =IFERROR(D133/V133*B133,) | Y133: 3 | Z133: 0.021354167 | AA133: 27.59% | AB133: 2,664.00 | AC133: 5,400.00 | AF133: 0.00 | AG133: 177,600.00 | AH133: 9
A134: COPPER_5 | B134: 12 | C134: 0.11236111 | D134: {=IFERROR(INDIRECT("'renta'!G$"&MATCH(T134,renta!$A:$A,0))*0.975-(G134*INDIRECT("'renta'!G$"&MATCH(F134,renta!$A:$A,0)))/B134-IFERROR((J134*INDIRECT("'renta'!G$"&MATCH(I134,renta!$A:$A,0)))/B134,0),)} -> -0.7636749 | E134: =IFERROR( D134/C134/24*B134*2*(1+AI134),0) -> -6.7966122 | F134: SAND | G134: =H134*0.95 -> 342 | H134: 360,00 | L134: 100.00% | M134: 2.59 | N134: 2 | O134: COPPER | P134: 12 | R134: {=INDIRECT("'renta'!G$"&MATCH(O134,renta!$A:$A,0))*P134} -> 99.96 | S134: =SUM(R$130:R134) -> 166.6041 | T134: =IFERROR(LEFT(A134, FIND("_", A134) - 1),"") -> COPPER | U134: =(E134-E133)/R134*1000 -> -11.460333 | W134: =IFERROR(D134/V134*B134,) | Y134: 5 | Z134: 0.033530093 | AA134: 20.27% | AB134: 3,204.00 | AC134: 6,144.00 | AF134: 0.00 | AG134: 213,600.00 | AH134: 9
...

Sheet prod
B3: k power prod | C3: fuel conso | D3: cout/kpower | F3: k prod | H3: cout/kpower
B4: 1 | C4: 0.03 | D4: =C4*renta!$G$18/B4 -> 7.2 | F4: 111 | G4: 0.02 | H4: =G4*renta!$G$29/F4 -> 4.2426368
B5: 1.3 | C5: 0.04 | D5: =C5*renta!$G$18/B5 -> 7.3846154
D6: =C6*renta!$G$18/B6 -> #DIV/0!
D7: =C7*renta!$G$18/B7 -> #DIV/0!
D8: =C8*renta!$G$18/B8 -> #DIV/0!
D9: =C9*renta!$G$18/B9 -> #DIV/0!
D10: =C10*renta!$G$18/B10 -> #DIV/0!
D11: =C11*renta!$G$18/B11 -> #DIV/0!
D12: =C12*renta!$G$18/B12 -> #DIV/0!
D13: =C13*renta!$G$18/B13 -> #DIV/0!
D14: =C14*renta!$G$18/B14 -> #DIV/0!
D15: =C15*renta!$G$18/B15 -> #DIV/0!
D16: =C16*renta!$G$18/B16 -> #DIV/0!
D17: =C17*renta!$G$18/B17 -> #DIV/0!
C20: kw/h | E20: prix | F20: kcoin/kw
B21: 6k/h | C21: 3 | E21: =8*renta!$G$20 -> 19368 | F21: =E21/C21/1000 -> 6.456
C22: 1.68 | E22: =3*renta!$G$26 -> 6750 | F22: =E22/C22/1000 -> 4.0178571
B23: 75.6

Sheet Feuille 1
G1: rapport | H1: min/item | I1: prix man | J1: prix man | K1: coin/earth | L1: coin/precédent | M1: gain de l'usine coin/h | N1: prix en coin/sand | O1: prix en coin/mud | Q1: pool
A2: mine | B2: 1 | C2: 11800 | G2: 1 | H2: =(60+41)/50500 -> 0.002 | I2: =0.00264 -> 0.00264 | J2: =0.00264 -> 0.00264 | K2: =J2 -> 0.00264 | L2: =K2 -> 0.00264 | M2: =J2/H2*60 -> 79.2 | Q2: 0xc356cd52364541379ad4d31a889b7031e758220a
A3: mud | B3: =C2/C3 -> 2.8710462 | C3: 4110 | D3: 12800 | G3: =11800/4110 -> 2.8710462 | H3: =30/4110 -> 0.0072992701 | I3: 0.00793 | J3: 0.00793 | K3: =G2*G3*$J$2 -> 0.007579562 | L3: =J2*G3 -> 0.007579562 | M3: =(J3-L3)/H3*60 -> 2.8806 | O3: 0.0194 | Q3: 0xb287ea5a5cd4f2b74571e30fdec96241aa5163d9
A4: clay | B4: =B3*D3/D4 -> 27.840448 | D4: 1320 | E4: 1310 | G4: =12800/1320 -> 9.6969697 | H4: =47/1320 -> 0.035606061 | I4: 0.0785 | J4: 0.0785 | K4: =K3*G4 -> 0.073498783 | L4: =J3*G4 -> 0.07689697 | M4: =(J4-L4)/H4*60 -> 2.7012766 | O4: =O3*D3/D4 -> 0.18812121 | Q4: 0x8b1a1b7b43a53904b0a05406c13399079e553501
A5: sand | B5: =B4*E4/E5 -> 80.156016 | E5: 455 | F5: 523 | G5: =1310/455 -> 2.8791209 | H5: =57/455 -> 0.12527473 | I5: 0.22 | J5: 0.22 | K5: =K4*G5 -> 0.21161188 | L5: =J4*G5 -> 0.22601099 | M5: =(J5-L5)/H5*60 -> -2.8789474 | N5: 0.25 | Q5: 0x6d8839a585f7877a5e218a217c07334980f04a4a
A6: copper | B6: =B5*F5/F6 -> 2328.9776 | C6: 4.77 | F6: 18 | G6: =513/18 -> 28.5 | H6: =104/18 -> 5.7777778 | I6: 6 | J6: 6 | K6: =K5*G6 -> 6.0309386 | L6: =J5*G6 -> 6.27 | M6: =(J6-L6)/H6*60 -> -2.8038462 | N6: =N5*G5/G6 -> 0.025255446 | Q6: 0xe9e419dbe8e0e056bb91989eb10f5fa62a0cb702
A7: steel | B7: =B6*C6/C7 -> 11109.223 | C7: 1 | D7: 3 | G7: =4.17 -> 4.17 | H7: =3*60+21 -> 201 | I7: 45 | J7: 45 | K7: =K6*G7 -> 25.149014 | L7: =J6*G7 -> 25.02 | M7: =(J7-L7)/H7*60 -> 5.9641791 | Q7: 0x70c063f17dacb35e4b3df06c8f36020416a44a3c
A8: screw | B8: =B7*D7/D8 -> 33327.669 | D8: 1 | G8: 2.67 | H8: =4*60+27 -> 267 | I8: 145 | J8: 145 | K8: =K7*G8 -> 67.147868 | L8: =J7*G8 -> 120.15 | M8: =(J8-L8)/H8*60 -> 5.5842697 | Q8: 0x0016c4c602cc1a96a9d35fe133a7e374d3cdc26d
O9: renta mines
A10: ceramic | G10: =1060/4 -> 265 | K10: =(G10*J4+G11*J15) -> 49.9525 | O10: =M2+3*M7+2*M8 -> 108.26108 | Q10: 0xfa3a564b27deb29781f80032df662a4406eebef6
G11: =10.6/4 -> 2.65 | O11: =6*M7+2*M8 -> 46.953614
A12: roc | G12: =17.7/2 -> 8.85 | K12: =G12*J6+G13*J17 -> 169.26
G13: =5.28/2 -> 2.64 | O13: renta Water
A14: water | B14: 1 | C14: 8 | G14: =152/30 -> 5.0666667 | H14: =60/12 -> 5 | I14: 1.85 | J14: 1.85 | K14: =J14 -> 1.85 | L14: 0.46 | M14: =J14/H14*60 -> 22.2 | O14: =M14+2*M15+3*M17+3*M18+3*M19+2*M20 -> 340.50955 | Q14: 0xe9c0995144a199241a5c46ccb7e7cd439af3ac75
A15: seawater 30 | B15: 7.92 | C15: 1 | G15: =152/30 -> 5.0666667 | H15: =(2*60+43)/30 -> 5.4333333 | I15: 11 | J15: 11 | K15: =K14*G15 -> 9.3733333 | L15: =J14*G15 -> 9.3733333 | M15: =(J15-L15)/H15*60 -> 17.96319 | O15: middle | Q15: 0xd1d6bb059c97295f7437ad423111047cbcddf4c6
A16: seawater 19 | B16: 7.92 | C16: 1 | G16: =60.8/10 -> 6.08 | H16: =(60*1+21)/10 -> 8.1 | I16: =I15 -> 11 | J16: =J15 -> 11 | K16: =K14*G16 -> 11.248 | L16: =J14*G16 -> 11.248 | M16: =(J16-L16)/H16*60 -> -1.837037 | O16: =6*M7+2*M8 -> 46.953614 | Q16: 0xd1d6bb059c97295f7437ad423111047cbcddf4c6
A17: alga | B17: 2 | G17: =27.2/8 -> 3.4 | H17: =(3*60+34)/8 -> 26.75 | I17: 44 | J17: 44 | K17: =K15*G17 -> 31.869333 | L17: =J15*G17 -> 37.4 | M17: =(J17-L17)/H17*60 -> 14.803738 | O17: all | P17: par 12h | Q17: 0xe63f8cefea9a17a259bb3b375929bd10d5e1cdfa
A18: oxy | G18: =12.8/5 -> 2.56 | H18: =(6*60+50)/5 -> 82 | I18: 127 | J18: 127 | K18: =K17*G18 -> 81.585493 | L18: =J17*G18 -> 112.64 | M18: =(J18-L18)/H18*60 -> 10.507317 | O18: =O10+O14+O16 -> 495.72424 | P18: =O18*60*12 -> 356921.45 | Q18: 0x4343846ebe54dcd40ba572275640230d533296e5
A19: gas | G19: =4.96/3 -> 1.6533333 | H19: =(3*60+12)/3 -> 64 | I19: 260 | J19: 260 | K19: =K18*G19 -> 134.88802 | L19: =J18*G19 -> 209.97333 | M19: =(J19-L19)/H19*60 -> 46.9 | Q19: 0x4782e36bbe6e9abca5357d3e43a090fa772de71b
A20: fuel | G20: 2.48 | H20: =(3*60+12) -> 192 | I20: 750 | J20: 750 | K20: =K19*G20 -> 334.52228 | L20: =J19*G20 -> 644.8 | M20: =(J20-L20)/H20*60 -> 32.875 | O20: 2,55 ou 2,48 | Q20: 0x0f8f4dcf1b6eb9f5c0e8fbb9cd6879aa3983c8bc
A21: oil | G21: 2.53 | H21: =5*60 -> 300 | I21: 1850 | J21: 1850 | K21: =K20*G21 -> 846.34137 | L21: =J20*G21 -> 1897.5 | M21: =(J21-L21)/H21*60 -> -9.5 | Q21: 0x6f363e6760876a4c66730fbbefccdd3014b6220c | V21: =192/2 -> 96
U22: =8*60 -> 480 | V22: =U22/(3.25) -> 147.69231
U23: =U22/H20 -> 2.5
U24: =H20/U22 -> 0.4
O25: fuel 10
